Workbook

Sheet PRODUCT_SUMMARY
A1: Years | B1: DATE | C1: Product Code | D1: Product Name | E1: Per Piece USD | F1: Per Piece INR | G1: TOTAL VALUE INR (FOB) | H1: Total Duty Paid_INR | I1: Duty % | J1: Grand Total (FOB + Duty) | K1: Sum of Qty in Pieces | L1: Sum of Qty in Kgs
A2: 2017 | C2: AISI430 | D2: AISI430 | F2: 10.520779 | G2: 1052919.6 | H2: 180028.2 | I2: 0.17098001 | J2: 1232947.8 | K2: 2 | L2: 0
A3: 2017 | C3: FAMILY | D3: FAMILY | F3: 1274.0893 | G3: 1496554 | H3: 352228.9 | I3: 0.23535997 | J3: 1848782.9 | K3: 10291 | L3: 0
A4: 2017 | C4: KWB-600F | D4: KWB-600F | E4: 1.1 | F4: 187.93972 | G4: 15042837 | H4: 3314417.3 | I4: 0.22033193 | J4: 18357254 | K4: 50400 | L4: 0
A5: 2017 | C5: KWP-1000B | D5: KWP-1000B | F5: 110.89896 | G5: 5336256.4 | H5: 1255941.3 | I5: 0.23536 | J5: 6592197.7 | K5: 0 | L5: 0
A6: 2017 | C6: KWP-1000B-SS | D6: KWP-1000B-SS | F6: 111.28034 | G6: 667682.06 | H6: 114160.3 | I6: 0.17098003 | J6: 781842.36 | K6: 0 | L6: 0
A7: 2017 | C7: KWP-600B | D7: KWP-600B | F7: 90.856981 | G7: 1640794.5 | H7: 386177.3 | I7: 0.23535995 | J7: 2026971.8 | K7: 0 | L7: 0
A8: 2017 | C8: KWP-600B-SS | D8: KWP-600B-SS | F8: 91.16944 | G8: 182338.88 | H8: 31176.4 | I8: 0.17098054 | J8: 213515.28 | K8: 0 | L8: 0
A9: 2017 | C9: MULTI | D9: MULTI | F9: 617.96434 | G9: 5636403 | H9: 1326583.9 | I9: 0.23536002 | J9: 6962986.9 | K9: 0 | L9: 0
A10: 2017 | C10: OIL | D10: OIL | F10: 105.05123 | G10: 3021267.7 | H10: 516576.5 | I10: 0.17098005 | J10: 3537844.2 | K10: 4295 | L10: 0
A11: 2017 | C11: STAINESS | D11: STAINESS | F11: 111.67348 | G11: 974505.99 | H11: 229359.6 | I11: 0.23535987 | J11: 1203865.6 | K11: 171 | L11: 0
A12: 2017 | C12: STAINLESS | D12: STAINLESS | F12: 76.793011 | G12: 52907530 | H12: 10270798 | I12: 0.19412734 | J12: 63178328 | K12: 15727 | L12: 0
A13: 2017 | C13: STEEL | D13: STEEL | F13: 44.435759 | G13: 69515786 | H13: 14591660 | I13: 0.20990426 | J13: 84107446 | K13: 73594 | L13: 0
A14: 2017 | C14: TEA | D14: TEA | F14: 63.64661 | G14: 768366.94 | H14: 180842.8 | I14: 0.23535994 | J14: 949209.74 | K14: 166 | L14: 0
A15: 2018 | C15: 03-0271 | D15: 03-0271 | F15: 140.10421 | G15: 1499255.1 | H15: 364618.9 | I15: 0.24320003 | J15: 1863874 | K15: 1800 | L15: 0
A16: 2018 | C16: 03-027I | D16: 03-027I | F16: 834.13119 | G16: 4504356.7 | H16: 1095459.6 | I16: 0.24320001 | J16: 5599816.3 | K16: 5400 | L16: 0
... A37: 2019 | C37: KWB-600F | D37: KWB-600F | F37: 345.82861 | G37: 11469684 | H37: 3023087.3 | I37: 0.26357198 | J37: 14492771 | K37: 100800 | L37: 0
A38: 2019 | C38: KWP-1000B | D38: KWP-1000B | E38: 1.52 | F38: 432.26889 | G38: 2917815 | H38: 709612.7 | I38: 0.24320003 | J38: 3627427.7 | K38: 27000 | L38: 0
A39: 2019 | C39: KWP-1000B- | D39: KWP-1000B- | E39: 1.53 | F39: 422.89142 | G39: 1189170.7 | H39: 289206.3 | I39: 0.24319999 | J39: 1478377 | K39: 11100 | L39: 0
A40: 2019 | C40: KWP-1000B-SS | D40: KWP-1000B-SS | F40: 111.2741 | G40: 2470285 | H40: 600773.4 | I40: 0.24320003 | J40: 3071058.4 | K40: 0 | L40: 0
A41: 2019 | C41: KWP-600B | D41: KWP-600B | E41: 1.26 | F41: 496.89038 | G41: 3484592.8 | H41: 847453 | I41: 0.24320001 | J41: 4332045.8 | K41: 38960 | L41: 0
A42: 2019 | C42: KWP-600B- | D42: KWP-600B- | E42: 1.26 | F42: 497.87709 | G42: 599941.89 | H42: 145905.9 | I42: 0.24320005 | J42: 745847.79 | K42: 6800 | L42: 0
A43: 2019 | C43: KWP-600B-SS | D43: KWP-600B-SS | F43: 91.637494 | G43: 1246269.9 | H43: 303092.9 | I43: 0.24320004 | J43: 1549362.8 | K43: 0 | L43: 0
A44: 2019 | C44: KWS-750C | D44: KWS-750C | F44: 71.99757 | G44: 1381489.4 | H44: 335978.2 | I44: 0.24319999 | J44: 1717467.6 | K44: 0 | L44: 0
A45: 2019 | C45: KWS-750D- | D45: KWS-750D- | F45: 79.197326 | G45: 1542447.1 | H45: 375123.2 | I45: 0.24320004 | J45: 1917570.3 | K45: 0 | L45: 0
A46: 2019 | C46: OIL | D46: OIL | F46: 443.38687 | G46: 5745959.4 | H46: 1397417.4 | I46: 0.24320001 | J46: 7143376.8 | K46: 51840 | L46: 0
A47: 2019 | C47: RYX-02-020 | D47: RYX-02-020 | F47: 312.74015 | G47: 14979173 | H47: 3642934.7 | I47: 0.2432 | J47: 18622107 | K47: 1232 | L47: 0
A48: 2019 | C48: RYX-02-021A | D48: RYX-02-021A | F48: 211.51741 | G48: 37042206 | H48: 9008664.9 | I48: 0.24320001 | J48: 46050871 | K48: 3888 | L48: 0
A49: 2019 | C49: SCOURER | D49: SCOURER | F49: 250.07735 | G49: 1600745.1 | H49: 495910.9 | I49: 0.30980004 | J49: 2096656 | K49: 106800 | L49: 0
A50: 2019 | C50: SCRUBBER | D50: SCRUBBER | F50: 208.39187 | G50: 1612953.1 | H50: 499692.8 | I50: 0.30979996 | J50: 2112645.9 | K50: 3 | L50: 0
A51: 2019 | C51: SM1168 | D51: SM1168 | E51: 1.22 | F51: 277.10698 | G51: 2656771.2 | H51: 646126.8 | I51: 0.24320001 | J51: 3302898 | K51: 28200 | L51: 0
A52: 2019 | C52: STAINLESS | D52: STAINLESS | F52: 391.31875 | G52: 1.0148424e+08 | H52: 24680968 | I52: 0.24320001 | J52: 1.2616521e+08 | K52: 602622 | L52: 0
A53: 2019 | C53: STEEL | D53: STEEL | E53: 0.17 | F53: 395.31046 | G53: 2.0325064e+08 | H53: 50519864 | I53: 0.24855944 | J53: 2.537705e+08 | K53: 3284295 | L53: 0
A54: 2020 | C54: 03-027I | D54: 03-027I | F54: 156.47907 | G54: 11480838 | H54: 4206578.9 | I54: 0.36639998 | J54: 15687417 | K54: 12768 | L54: 0
A55: 2020 | C55: 2628 | D55: 2628 | E55: 0.445 | F55: 1033.3315 | G55: 3396229.9 | H55: 1244378.7 | I55: 0.36640002 | J55: 4640608.6 | K55: 96984 | L55: 0
A56: 2020 | C56: HOUSEHOLD | D56: HOUSEHOLD | E56: 0.445 | F56: 1005.6147 | G56: 6773664.9 | H56: 2197338.3 | I56: 0.3243943 | J56: 8971003.2 | K56: 36225 | L56: 0
A57: 2020 | C57: KW-830 | D57: KW-830 | E57: 0.98 | F57: 384.18896 | G57: 5240958.9 | H57: 1607565.8 | I57: 0.30673124 | J57: 6848524.7 | K57: 70200 | L57: 0
A58: 2020 | C58: KWB-600F | D58: KWB-600F | E58: 0.99 | F58: 477.48242 | G58: 3767498.4 | H58: 1380411.3 | I58: 0.36639997 | J58: 5147909.7 | K58: 49536 | L58: 0
A59: 2020 | C59: KWP-1000B | D59: KWP-1000B | E59: 1.438 | F59: 461.24285 | G59: 11982707 | H59: 4036732.6 | I59: 0.33687986 | J59: 16019439 | K59: 108036 | L59: 0
A60: 2020 | C60: KWP-600P | D60: KWP-600P | E60: 1.2 | F60: 546.8889 | G60: 3709547.4 | H60: 1359178.1 | I60: 0.36639998 | J60: 5068725.5 | K60: 38760 | L60: 0
A61: 2020 | C61: MILD | D61: MILD | E61: 8.6 | F61: 281.61037 | G61: 4575535.7 | H61: 1676476.3 | I61: 0.36640001 | J61: 6252012 | K61: 3888 | L61: 0
A62: 2020 | C62: RYX-02-020 | D62: RYX-02-020 | F62: 346.7372 | G62: 23749523 | H62: 8701825.3 | I62: 0.36640001 | J62: 32451348 | K62: 0 | L62: 0
A63: 2020 | C63: RYX-02-021A | D63: RYX-02-021A | F63: 194.84113 | G63: 29711169 | H63: 10773139 | I63: 0.36259558 | J63: 40484308 | K63: 0 | L63: 0
A64: 2020 | C64: RYX-02-021A-13 | D64: RYX-02-021A-13 | F64: 198.68523 | G64: 847988.55 | H64: 206230.9 | I64: 0.2432001 | J64: 1054219.4 | K64: 0 | L64: 0
A65: 2020 | C65: SCRUBBER | D65: SCRUBBER | E65: 0.169 | F65: 212.65365 | G65: 4868194.4 | H65: 1942398.6 | I65: 0.39899774 | J65: 6810593 | K65: 9 | L65: 0
A66: 2020 | C66: STAINLESS | D66: STAINLESS | E66: 0.80451 | F66: 466.60301 | G66: 89048045 | H66: 30647696 | I66: 0.34417034 | J66: 1.1969574e+08 | K66: 1225908 | L66: 0
A67: 2020 | C67: STEEL | D67: STEEL | E67: 0.41959259 | F67: 398.28294 | G67: 1.501376e+08 | H67: 50326681 | I67: 0.33520371 | J67: 2.0046428e+08 | K67: 2603868 | L67: 0
A68: 2021 | C68: 2628 | D68: 2628 | E68: 0.445 | F68: 1076.269 | G68: 6071535 | H68: 2224610.4 | I68: 0.36639999 | J68: 8296145.4 | K68: 166464 | L68: 0
A69: 2021 | C69: 8001-2 | D69: 8001-2 | E69: 0.168 | F69: 481.11576 | G69: 4627258.1 | H69: 2034142.7 | I69: 0.43960001 | J69: 6661400.8 | K69: 329760 | L69: 0
A70: 2021 | C70: 8001-2STEEL | D70: 8001-2STEEL | E70: 0.168 | F70: 482.34468 | G70: 2326348.4 | H70: 1022662.8 | I70: 0.43960002 | J70: 3349011.2 | K70: 164400 | L70: 0
A71: 2021 | C71: 8505 | D71: 8505 | F71: 412.30139 | G71: 4490786.7 | H71: 1645424.2 | I71: 0.36639999 | J71: 6136210.9 | K71: 0 | L71: 0
A72: 2021 | C72: AM-06 | D72: AM-06 | E72: 1.11 | F72: 595.86479 | G72: 1686059 | H72: 617772 | I72: 0.36639999 | J72: 2303831 | K72: 18864 | L72: 0
A73: 2021 | C73: AM-217 | D73: AM-217 | E73: 2.1327 | F73: 673.75078 | G73: 944935.47 | H73: 346224.4 | I73: 0.36640005 | J73: 1291159.9 | K73: 5100 | L73: 0
A74: 2021 | C74: AM-253 | D74: AM-253 | E74: 0.6082 | F74: 544.39904 | G74: 1335683.1 | H74: 489394.3 | I74: 0.36640002 | J74: 1825077.4 | K74: 25236 | L74: 0
A75: 2021 | C75: DS-25 | D75: DS-25 | E75: 0.23755 | F75: 579.62125 | G75: 3507554.7 | H75: 1285168 | I75: 0.36639999 | J75: 4792722.7 | K75: 180960 | L75: 0
A76: 2021 | C76: FAMILY | D76: FAMILY | F76: 184.17232 | G76: 13550897 | H76: 4965048.4 | I76: 0.36639999 | J76: 18515945 | K76: 12768 | L76: 0
A77: 2021 | C77: HOUSEHOLD | D77: HOUSEHOLD | E77: 0.445 | F77: 1010.516 | G77: 11433469 | H77: 4189223.1 | I77: 0.36640001 | J77: 15622692 | K77: 334368 | L77: 0
A78: 2021 | C78: KL326D-9S | D78: KL326D-9S | E78: 1.05 | F78: 405.10683 | G78: 3486957.1 | H78: 1277621 | I78: 0.36639998 | J78: 4764578.1 | K78: 37560 | L78: 0
A79: 2021 | C79: KW-830 | D79: KW-830 | E79: 0.9 | F79: 359.45203 | G79: 2498191.6 | H79: 915337.4 | I79: 0.3664 | J79: 3413529 | K79: 34164 | L79: 0
A80: 2021 | C80: KWP-1000B | D80: KWP-1000B | E80: 1.42 | F80: 485.07929 | G80: 10047950 | H80: 3681568.9 | I80: 0.3664 | J80: 13729519 | K80: 81000 | L80: 0
A81: 2021 | C81: KWP-600B | D81: KWP-600B | E81: 1.25 | F81: 609.26152 | G81: 1763812.1 | H81: 646260.7 | I81: 0.36639997 | J81: 2410072.8 | K81: 16680 | L81: 0
A82: 2021 | C82: MILD | D82: MILD | E82: 11.496429 | F82: 313.4956 | G82: 63652898 | H82: 23322422 | I82: 0.3664 | J82: 86975320 | K82: 66496 | L82: 0
A83: 2021 | C83: MP-202 | D83: MP-202 | E83: 1.142 | F83: 506.62035 | G83: 1929716.9 | H83: 707048.3 | I83: 0.36640001 | J83: 2636765.2 | K83: 21096 | L83: 0
A84: 2021 | C84: NP-003 | D84: NP-003 | E84: 0.46763333 | F84: 417.43238 | G84: 10014219 | H84: 3669210 | I84: 0.3664 | J84: 13683429 | K84: 255600 | L84: 0
A85: 2021 | C85: NP-19 | D85: NP-19 | E85: 0.5047 | F85: 277.17391 | G85: 2175552 | H85: 797122.2 | I85: 0.36639997 | J85: 2972674.2 | K85: 50640 | L85: 0
A86: 2021 | C86: NP-20 | D86: NP-20 | E86: 1.06 | F86: 481.85266 | G86: 2506431.6 | H86: 918356.7 | I86: 0.36640007 | J86: 3424788.3 | K86: 29088 | L86: 0
A87: 2021 | C87: NP-21 | D87: NP-21 | E87: 1.11 | F87: 501.77887 | G87: 8950617 | H87: 3279506 | I87: 0.36639999 | J87: 12230123 | K87: 100548 | L87: 0
A88: 2021 | C88: NP-55 | D88: NP-55 | E88: 0.32545 | F88: 600.39662 | G88: 2747210.3 | H88: 1006577.9 | I88: 0.36640002 | J88: 3753788.2 | K88: 97704 | L88: 0
... A194: 2023 | C194: KWP-600B | D194: KWP-600B | E194: 1.21 | F194: 583.87951 | G194: 3984977.7 | H194: 1460095.8 | I194: 0.3664 | J194: 5445073.5 | K194: 39000 | L194: 0
A195: 2023 | C195: MILD | D195: MILD | F195: 274.50463 | G195: 7125492.4 | H195: 2610780.6 | I195: 0.36640003 | J195: 9736273 | K195: 4736 | L195: 0
A196: 2023 | C196: NON | D196: NON | E196: 0.69866667 | F196: 246.36846 | G196: 100316.9 | H196: 36756.1 | I196: 0.36639988 | J196: 137073 | K196: 1800 | L196: 0
A197: 2023 | C197: NP-19 | D197: NP-19 | E197: 0.4492 | F197: 255.13829 | G197: 3943914.6 | H197: 1445050.3 | I197: 0.3664 | J197: 5388964.9 | K197: 99600 | L197: 0
A198: 2023 | C198: NP-20 | D198: NP-20 | E198: 1.00345 | F198: 513.6959 | G198: 14980133 | H198: 5488720.5 | I198: 0.3664 | J198: 20468853 | K198: 173400 | L198: 0
A199: 2023 | C199: NP-21 | D199: NP-21 | E199: 1.0092667 | F199: 519.74307 | G199: 13741653 | H199: 5034942 | I199: 0.36640002 | J199: 18776595 | K199: 157140 | L199: 0
A200: 2023 | C200: NP-21-STAINLESS | D200: NP-21-STAINLESS | E200: 1.033 | F200: 532.14331 | G200: 78757.21 | H200: 28856.6 | I200: 0.36639947 | J200: 107613.81 | K200: 888 | L200: 0
A201: 2023 | C201: NP-55 | D201: NP-55 | E201: 0.286 | F201: 547.16919 | G201: 10093273 | H201: 3698175.3 | I201: 0.36640001 | J201: 13791448 | K201: 402000 | L201: 0
A202: 2023 | C202: OIL | D202: OIL | E202: 1.395 | F202: 475.52852 | G202: 20550119 | H202: 7529563.9 | I202: 0.36640001 | J202: 28079683 | K202: 173484 | L202: 0
A203: 2023 | C203: RYX-02-020 | D203: RYX-02-020 | F203: 386.26837 | G203: 14040671 | H203: 5144501.8 | I203: 0.3664 | J203: 19185173 | K203: 11088 | L203: 0
A204: 2023 | C204: RYX-02-021A | D204: RYX-02-021A | F204: 207.07379 | G204: 6897511.6 | H204: 2527248.2 | I204: 0.36639999 | J204: 9424759.8 | K204: 9072 | L204: 0
A205: 2023 | C205: RYX-02-026-3S | D205: RYX-02-026-3S | F205: 261.81922 | G205: 2597665.6 | H205: 951784.8 | I205: 0.36640005 | J205: 3549450.4 | K205: 2544 | L205: 0
A206: 2023 | C206: SB-01 | D206: SB-01 | E206: 1.061775 | F206: 543.5723 | G206: 19422264 | H206: 7116317.2 | I206: 0.36639999 | J206: 26538581 | K206: 212388 | L206: 0
A207: 2023 | C207: SB-12 | D207: SB-12 | E207: 1.067275 | F207: 392.00809 | G207: 8682667.8 | H207: 3181329.4 | I207: 0.36639999 | J207: 11863997 | K207: 90900 | L207: 0
A208: 2023 | C208: SCRUBBER | D208: SCRUBBER | E208: 0.169 | F208: 237.8695 | G208: 3527585.6 | H208: 1550726.6 | I208: 0.43959999 | J208: 5078312.2 | K208: 235320 | L208: 0
A209: 2023 | C209: SL-01 | D209: SL-01 | E209: 1.1496667 | F209: 521.31545 | G209: 10327329 | H209: 3783933.4 | I209: 0.36640001 | J209: 14111262 | K209: 104064 | L209: 0
A210: 2023 | C210: SS410 | D210: SS410 | E210: 0.167 | F210: 225.11536 | G210: 3458063.2 | H210: 1520164.6 | I210: 0.43960001 | J210: 4978227.8 | K210: 6 | L210: 0
A211: 2023 | C211: STAINLESS | D211: STAINLESS | E211: 1.0594832 | F211: 532.25574 | G211: 2.5588798e+08 | H211: 93757354 | I211: 0.3664 | J211: 3.4964533e+08 | K211: 3045858 | L211: 0
A212: 2023 | C212: STEEL | D212: STEEL | E212: 1.4417211 | F212: 472.38931 | G212: 3.110578e+08 | H212: 1.1523532e+08 | I212: 0.37046272 | J212: 4.2629312e+08 | K212: 3809210 | L212: 0
A213: 2023 | C213: SY-01-STAINLESS | D213: SY-01-STAINLESS | E213: 1.13 | F213: 554.39508 | G213: 34926.89 | H213: 12797.2 | I213: 0.36639964 | J213: 47724.09 | K213: 360 | L213: 0
A214: 2023 | C214: SY-02-STAINLESS | D214: SY-02-STAINLESS | E214: 1.145 | F214: 589.842 | G214: 35390.52 | H214: 12967.1 | I214: 0.36640038 | J214: 48357.62 | K214: 360 | L214: 0
A215: 2023 | C215: SY-03-STAINLESS | D215: SY-03-STAINLESS | E215: 1.23 | F215: 633.62933 | G215: 38017.76 | H215: 13929.8 | I215: 0.36640244 | J215: 51947.56 | K215: 360 | L215: 0
A216: 2023 | C216: SY-04-STAINLESS | D216: SY-04-STAINLESS | E216: 1.275 | F216: 571.13986 | G216: 39408.65 | H216: 14439.3 | I216: 0.36639925 | J216: 53847.95 | K216: 360 | L216: 0
A217: 2023 | C217: WB-750 | D217: WB-750 | E217: 1.18 | F217: 585.76057 | G217: 2442982.9 | H217: 895109 | I217: 0.36640003 | J217: 3338091.9 | K217: 23832 | L217: 0
... A228: 2024 | C228: HOUSEHOLD | D228: HOUSEHOLD | E228: 0.32083333 | F228: 825.55936 | G228: 36484816 | H228: 13368037 | I228: 0.36640001 | J228: 49852853 | K228: 1308024 | L228: 0
A229: 2024 | C229: MILD | D229: MILD | F229: 325.23845 | G229: 56648918 | H229: 20756164 | I229: 0.3664 | J229: 77405082 | K229: 60672 | L229: 0
A230: 2024 | C230: NON | D230: NON | E230: 0.53535 | F230: 205.52538 | G230: 5095534.3 | H230: 1867003.9 | I230: 0.36640002 | J230: 6962538.2 | K230: 100500 | L230: 0
A231: 2024 | C231: NP-19 | D231: NP-19 | E231: 0.44845 | F231: 255.66975 | G231: 3349335.3 | H231: 1227196.5 | I231: 0.36640002 | J231: 4576531.8 | K231: 84312 | L231: 0
A232: 2024 | C232: NP-55 | D232: NP-55 | E232: 0.2815 | F232: 547.63005 | G232: 2530050.8 | H232: 927010.6 | I232: 0.36639999 | J232: 3457061.4 | K232: 100800 | L232: 0
A233: 2024 | C233: RYX-02-020 | D233: RYX-02-020 | F233: 401.14574 | G233: 20902974 | H233: 7658849.8 | I233: 0.3664 | J233: 28561824 | K233: 16016 | L233: 0
A234: 2024 | C234: RYX-02-021A | D234: RYX-02-021A | F234: 222.86801 | G234: 20919708 | H234: 7664981 | I234: 0.3664 | J234: 28584689 | K234: 25674 | L234: 0
A235: 2024 | C235: RYX-02-026-3S | D235: RYX-02-026-3S | F235: 275.38421 | G235: 1821501.3 | H235: 667398 | I235: 0.36639995 | J235: 2488899.3 | K235: 1696 | L235: 0
...

Sheet OUTPUT
A1: Siddharth Associates — Data Analyst Assignment Output
A3: Summary | B3: Total Input Rows | C3: 2079
B4: Years Covered | C4: =IFERROR(0,0) -> 0
B5: Total Value (INR) | C5: =IFERROR(0,0) -> 0
B6: Total Duty Paid (INR) | C6: =IFERROR(0,0) -> 0
B7: Grand Total (INR) | C7: =IFERROR(0,0) -> 0
A10: YEAR | B10: TOTAL_VALUE_INR | C10: DUTY_PAID_INR | D10: GRAND_TOTAL_INR | E10: YOY_GROWTH_PCT
A11: 2017 | B11: =SUMIFS(CLEANED_DATA!Q2:'CLEANED_DATA'!Q2080,CLEANED_DATA!AB2:'CLEANED_DATA'!AB2080,A2) -> 0 | C11: =SUMIFS(CLEANED_DATA!T2:'CLEANED_DATA'!T2080,CLEANED_DATA!AB2:'CLEANED_DATA'!AB2080,A2) -> 0 | D11: =SUMIFS(CLEANED_DATA!AC2:'CLEANED_DATA'!AC2080,CLEANED_DATA!AB2:'CLEANED_DATA'!AB2080,A2) -> 0
A12: 2018 | B12: =SUMIFS(CLEANED_DATA!Q2:'CLEANED_DATA'!Q2080,CLEANED_DATA!AB2:'CLEANED_DATA'!AB2080,A3) -> 0 | C12: =SUMIFS(CLEANED_DATA!T2:'CLEANED_DATA'!T2080,CLEANED_DATA!AB2:'CLEANED_DATA'!AB2080,A3) -> 0 | D12: =SUMIFS(CLEANED_DATA!AC2:'CLEANED_DATA'!AC2080,CLEANED_DATA!AB2:'CLEANED_DATA'!AB2080,A3) -> 0 | E12: =IF(B2=0,"",(B3-B2)/B2)
A13: 2019 | B13: =SUMIFS(CLEANED_DATA!Q2:'CLEANED_DATA'!Q2080,CLEANED_DATA!AB2:'CLEANED_DATA'!AB2080,A4) -> 0 | C13: =SUMIFS(CLEANED_DATA!T2:'CLEANED_DATA'!T2080,CLEANED_DATA!AB2:'CLEANED_DATA'!AB2080,A4) -> 0 | D13: =SUMIFS(CLEANED_DATA!AC2:'CLEANED_DATA'!AC2080,CLEANED_DATA!AB2:'CLEANED_DATA'!AB2080,A4) -> 0 | E13: =IF(B3=0,"",(B4-B3)/B3) -> #VALUE!
A14: 2020 | B14: =SUMIFS(CLEANED_DATA!Q2:'CLEANED_DATA'!Q2080,CLEANED_DATA!AB2:'CLEANED_DATA'!AB2080,A5) -> 0 | C14: =SUMIFS(CLEANED_DATA!T2:'CLEANED_DATA'!T2080,CLEANED_DATA!AB2:'CLEANED_DATA'!AB2080,A5) -> 0 | D14: =SUMIFS(CLEANED_DATA!AC2:'CLEANED_DATA'!AC2080,CLEANED_DATA!AB2:'CLEANED_DATA'!AB2080,A5) -> 0 | E14: =IF(B4=0,"",(B5-B4)/B4) -> #VALUE!
A15: 2021 | B15: =SUMIFS(CLEANED_DATA!Q2:'CLEANED_DATA'!Q2080,CLEANED_DATA!AB2:'CLEANED_DATA'!AB2080,A6) -> 0 | C15: =SUMIFS(CLEANED_DATA!T2:'CLEANED_DATA'!T2080,CLEANED_DATA!AB2:'CLEANED_DATA'!AB2080,A6) -> 0 | D15: =SUMIFS(CLEANED_DATA!AC2:'CLEANED_DATA'!AC2080,CLEANED_DATA!AB2:'CLEANED_DATA'!AB2080,A6) -> 0 | E15: =IF(B5=0,"",(B6-B5)/B5) -> #VALUE!
A16: 2022 | B16: =SUMIFS(CLEANED_DATA!Q2:'CLEANED_DATA'!Q2080,CLEANED_DATA!AB2:'CLEANED_DATA'!AB2080,A7) -> 0 | C16: =SUMIFS(CLEANED_DATA!T2:'CLEANED_DATA'!T2080,CLEANED_DATA!AB2:'CLEANED_DATA'!AB2080,A7) -> 0 | D16: =SUMIFS(CLEANED_DATA!AC2:'CLEANED_DATA'!AC2080,CLEANED_DATA!AB2:'CLEANED_DATA'!AB2080,A7) -> 0 | E16: =IF(B6=0,"",(B7-B6)/B6) -> #VALUE!
A20: HSN | B20: HSN_DESCRIPTION | C20: MAIN_CATEGORY | D20: SUB_CATEGORY | E20: TOTAL_VALUE_INR | F20: DUTY_PAID_INR | G20: GRAND_TOTAL_INR | H20: %_CONTRIBUTION
A21: 73231000 | B21: Stainless steel scouring pads and similar | C21: Cleaning Supplies | D21: Scrubber | E21: =SUMIFS(CLEANED_DATA!Q2:'CLEANED_DATA'!Q2080,CLEANED_DATA!D2:'CLEANED_DATA'!D2080,A2) -> 0 | F21: =SUMIFS(CLEANED_DATA!T2:'CLEANED_DATA'!T2080,CLEANED_DATA!D2:'CLEANED_DATA'!D2080,A2) -> 0 | G21: =SUMIFS(CLEANED_DATA!AC2:'CLEANED_DATA'!AC2080,CLEANED_DATA!D2:'CLEANED_DATA'!D2080,A2) -> 0 | H21: =IF($E$6=0,0,E2/$E$6) -> 0
A22: 73239390 | B22: Table, kitchen or other household articles of stainless steel | C22: Stainless Steel Household Articles | D22: Kitchenware | E22: =SUMIFS(CLEANED_DATA!Q2:'CLEANED_DATA'!Q2080,CLEANED_DATA!D2:'CLEANED_DATA'!D2080,A3) -> 0 | F22: =SUMIFS(CLEANED_DATA!T2:'CLEANED_DATA'!T2080,CLEANED_DATA!D2:'CLEANED_DATA'!D2080,A3) -> 0 | G22: =SUMIFS(CLEANED_DATA!AC2:'CLEANED_DATA'!AC2080,CLEANED_DATA!D2:'CLEANED_DATA'!D2080,A3) -> 0 | H22: =IF($E$6=0,0,E3/$E$6) -> 0
A23: 73239990 | B23: Table, kitchen or other household articles of iron or steel | C23: Steel Household Articles | D23: Household Article | E23: =SUMIFS(CLEANED_DATA!Q2:'CLEANED_DATA'!Q2080,CLEANED_DATA!D2:'CLEANED_DATA'!D2080,A4) -> 0 | F23: =SUMIFS(CLEANED_DATA!T2:'CLEANED_DATA'!T2080,CLEANED_DATA!D2:'CLEANED_DATA'!D2080,A4) -> 0 | G23: =SUMIFS(CLEANED_DATA!AC2:'CLEANED_DATA'!AC2080,CLEANED_DATA!D2:'CLEANED_DATA'!D2080,A4) -> 0 | H23: =IF($E$6=0,0,E4/$E$6) -> 0
D25: Overall Grand Total | E25: =SUM(E2:E4) -> 0
A40: Notes: All calculations are formula-driven. See CLEANED_DATA, YEAR_SUMMARY, HSN_SUMMARY_V2 for details.

Sheet INPUT_RAW
A1: PORT CODE | B1: DATE | C1: IEC | D1: HS CODE | E1: GOODS DESCRIPTION | F1: Master category | G1: Model Name | H1: Model Number | I1: Capacity | J1: Qty | K1: Unit of measure | L1: Price | M1: Unit of measure.1 | N1: QUANTITY | O1: UNIT | P1: UNIT PRICE_INR | Q1: TOTAL VALUE_INR | R1: UNIT PRICE_USD | S1: TOTAL VALUE_USD | T1: DUTY PAID_INR
A2: INNSA1 | B2: 2025-10-28 | C2: 301049751 | D2: 73239990 | E2: TH5170 STEEL CUTLERY HOLDER (QTY:600 PCS/USD 2.03 PER PCS) TH5170 STEEL CUTLERY HOLDER (QTY:600 PCS/USD 2.03 PER PCS) | N2: 290 | O2: KGS | P2: 401.72531 | Q2: 116500.34 | R2: 4.5290339 | S2: 1313.4198 | T2: 32736.6
A3: INNSA1 | B3: 2025-10-28 | C3: 301049751 | D3: 73231000 | E3: 8001-2 STEEL SCRUBBER 2PCS SET (QTY: 336000 SETS/USD 0.139 PER SETS)8001-2 STEEL SCRUBBER 2PCS SET (QTY: 336000 SETS/USD 0.139 P | N3: 9800 | O3: KGS | P3: 440.60222 | Q3: 4317901.7 | R3: 4.9673305 | S3: 48679.839 | T3: 1898149.5
A4: INNSA1 | B4: 2025-10-23 | C4: 301049751 | D4: 73239990 | E4: MILD STEEL MULTI FUNCTION CLOTH STAND (RYX-02-020) (QTY: 1,232 PCS/CNY:101 PER PCS)MILD STEEL MULTI FUNCTION CLOTH STAND (RYX-02-020) (QTY: 1,2 | N4: 4004 | O4: KGS | P4: 408.89366 | Q4: 1637210.2 | R4: 4.6098496 | S4: 18457.838 | T4: 460056
A5: INNSA1 | B5: 2025-10-13 | C5: 301049751 | D5: 73239990 | E5: SB-12 STEEL TEA STRAINER BIG (QTY 6336 PCS/USD 0.973 PER PCS)SB-12 STEEL TEA STRAINER BIG (QTY 6336 PCS/USD 0.973 PER PCS | N5: 1548.8 | O5: KGS | P5: 378.45784 | Q5: 586155.51 | R5: 4.219151 | S5: 6534.6211 | T5: 164709.7
A6: INNSA1 | B6: 2025-10-13 | C6: 301049751 | D6: 73239990 | E6: SB-12 STEEL TEA STRAINER BIG (QTY 43038 PCS/USD 0.9718 PER PCS)SB-12 STEEL TEA STRAINER BIG (QTY 43038 PCS/USD 0.9718 PER P | N6: 10042.2 | O6: KGS | P6: 399.73967 | Q6: 4014265.8 | R6: 4.4564066 | S6: 44752.127 | T6: 1128008.7
A7: INNSA1 | B7: 2025-10-08 | C7: 301049751 | D7: 73239990 | E7: STEEL HANGER WITH HOOK (SL-89) (QTY:70056 PCS/CNY:7.45 PER PCS)STEEL HANGER WITH HOOK (SL-89) (QTY:70056 PCS/:7.45 | N7: 15568 | O7: KGS | P7: 432.15818 | Q7: 6727838.5 | R7: 4.8178169 | S7: 75003.774 | T7: 1890522.7
A8: INNSA1 | B8: 2025-10-06 | C8: 301049751 | D8: 73239990 | E8: STEEL HANGER 10PCS SET (AM-969) (QTY: 480 SET/USD 0.819 PERSET)STEEL HANGER 10PCS SET (AM-969) (QTY: 480 SET/USD 0.819 PER | N8: 380 | O8: KGS | P8: 100.44208 | Q8: 38167.99 | R8: 1.1197556 | S8: 425.50713 | T8: 10725.3
A9: INNSA1 | B9: 2025-10-01 | C9: 301049751 | D9: 73239990 | E9: AM-967 STEEL FRUIT BASKET (QTY 400 PCS/USD 1.031 PER PCS) AM-967 STEEL FRUIT BASKET (QTY 400 PCS/USD 1.031 PER PCS) | N9: 460 | O9: KGS | P9: 85.377826 | Q9: 39273.8 | R9: 0.96092095 | S9: 442.02364 | T9: 11036
A10: INNSA1 | B10: 2025-10-01 | C10: 301049751 | D10: 73239990 | E10: AM-966 STEEL FRUIT BASKET (QTY 400 PCS/USD 1.017 PER PCS) AM-966 STEEL FRUIT BASKET (QTY 400 PCS/USD 1.017 PER PCS) | N10: 310 | O10: KGS | P10: 124.96932 | Q10: 38740.49 | R10: 1.4065202 | S10: 436.02127 | T10: 10886.1
A11: INNSA1 | B11: 2025-10-01 | C11: 301049751 | D11: 73239990 | E11: AM-965 STEEL SPOON & FORK HOLDER (QTY 480 PCS/USD 0.734 PERPCS)AM-965 STEEL SPOON & FORK HOLDER (QTY 480 PCS/USD 0.734 PER | N11: 168 | O11: KGS | P11: 199.71571 | Q11: 33552.24 | R11: 2.2477852 | S11: 377.62791 | T11: 9428.1
A12: INNSA1 | B12: 2025-10-01 | C12: 301049751 | D12: 73231000 | E12: 8001-2 STEEL SCRUBBER 2 PCS SET (QTY 336000 SETS/USD 0.139 PER SETS)8001-2 STEEL SCRUBBER 2 PCS SET (QTY 336000 SETS/USD 0.139 P | N12: 9800 | O12: KGS | P12: 456.12539 | Q12: 4470028.8 | R12: 5.1336566 | S12: 50309.835 | T12: 1965024.7
A13: INNSA1 | B13: 2025-09-27 | C13: 301049751 | D13: 73231000 | E13: OKS-4156 STEEL SCRUBBER 6PCS SET (QTY: 93360 PCS /USD 0.228PER PCS)OKS-4156 STEEL SCRUBBER 6PCS SET (QTY: 93360 PCS /USD 0.228 | N13: 7496.03 | O13: KGS | P13: 263.57138 | Q13: 1975739 | R13: 2.9664758 | S13: 22236.792 | T13: 868534.9
... A2080: INNSA1 | B2080: 2017-01-13 | C2080: 301049751 | D2080: 73239990 | E2080: STAINLESS STEEL SPORTS BOTTLE 750ML S-308-C6-NP-20(TOTAL NET WT.284.83 KGS) | N2080: 1656 | O2080: PCS | P2080: 79.149233 | Q2080: 131071.13 | R2080: 1.1504249 | S2080: 1905.1036 | T2080: 22410.6

Sheet CLEANED_DATA
A1: PORT CODE | B1: DATE | C1: IEC | D1: HS CODE | E1: GOODS DESCRIPTION | F1: Master category | G1: Model Name | H1: Model Number | I1: Capacity | J1: Qty | K1: Unit of measure | L1: Price | M1: Unit of measure.1 | N1: QUANTITY | O1: UNIT | P1: UNIT PRICE_INR | Q1: TOTAL VALUE_INR | R1: UNIT PRICE_USD | S1: TOTAL VALUE_USD | T1: DUTY PAID_INR | U1: PARSED_QTY | V1: PARSED_UNIT_PRICE_USD | W1: PARSED_MODEL | X1: PARSED_SUBKEY | Y1: HSN_DESCRIPTION | Z1: MAIN_CATEGORY | AA1: SUB_CATEGORY | AB1: YEAR | AC1: GRAND_TOTAL_INR | AD1: DUTY_PCT
A2: INNSA1 | B2: 2025-10-28 | C2: 301049751 | D2: 73239990 | E2: TH5170 STEEL CUTLERY HOLDER (QTY:600 PCS/USD 2.03 PER PCS) TH5170 STEEL CUTLERY HOLDER (QTY:600 PCS/USD 2.03 PER PCS) | N2: 290 | O2: KGS | P2: 401.72531 | Q2: 116500.34 | R2: 4.5290339 | S2: 1313.4198 | T2: 32736.6 | U2: 600 | V2: 2.03 | W2: TH5170 | X2: Holder | Y2: Table, kitchen or other household articles of iron or steel | Z2: Steel Household Articles | AA2: Holder | AB2: =IF(INPUT_RAW!B2="","",YEAR(INPUT_RAW!B2)) -> 2025 | AC2: =IF(OR(INPUT_RAW!Q2="",INPUT_RAW!T2=""),"",INPUT_RAW!Q2+INPUT_RAW!T2) -> 149236.94 | AD2: =IF(INPUT_RAW!Q2="","",IF(INPUT_RAW!Q2=0,0,INPUT_RAW!T2/INPUT_RAW!Q2)) -> 0.28100004
A3: INNSA1 | B3: 2025-10-28 | C3: 301049751 | D3: 73231000 | E3: 8001-2 STEEL SCRUBBER 2PCS SET (QTY: 336000 SETS/USD 0.139 PER SETS)8001-2 STEEL SCRUBBER 2PCS SET (QTY: 336000 SETS/USD 0.139 P | N3: 9800 | O3: KGS | P3: 440.60222 | Q3: 4317901.7 | R3: 4.9673305 | S3: 48679.839 | T3: 1898149.5 | U3: 336000 | V3: 0.139 | W3: 8001-2 | X3: Scrubber | Y3: Stainless steel scouring pads and similar | Z3: Cleaning Supplies | AA3: Scrubber | AB3: =IF(INPUT_RAW!B3="","",YEAR(INPUT_RAW!B3)) -> 2025 | AC3: =IF(OR(INPUT_RAW!Q3="",INPUT_RAW!T3=""),"",INPUT_RAW!Q3+INPUT_RAW!T3) -> 6216051.2 | AD3: =IF(INPUT_RAW!Q3="","",IF(INPUT_RAW!Q3=0,0,INPUT_RAW!T3/INPUT_RAW!Q3)) -> 0.43959998
A4: INNSA1 | B4: 2025-10-23 | C4: 301049751 | D4: 73239990 | E4: MILD STEEL MULTI FUNCTION CLOTH STAND (RYX-02-020) (QTY: 1,232 PCS/CNY:101 PER PCS)MILD STEEL MULTI FUNCTION CLOTH STAND (RYX-02-020) (QTY: 1,2 | N4: 4004 | O4: KGS | P4: 408.89366 | Q4: 1637210.2 | R4: 4.6098496 | S4: 18457.838 | T4: 460056 | U4: 1232 | W4: MILD | X4: Stand | Y4: Table, kitchen or other household articles of iron or steel | Z4: Steel Household Articles | AA4: Stand | AB4: =IF(INPUT_RAW!B4="","",YEAR(INPUT_RAW!B4)) -> 2025 | AC4: =IF(OR(INPUT_RAW!Q4="",INPUT_RAW!T4=""),"",INPUT_RAW!Q4+INPUT_RAW!T4) -> 2097266.2 | AD4: =IF(INPUT_RAW!Q4="","",IF(INPUT_RAW!Q4=0,0,INPUT_RAW!T4/INPUT_RAW!Q4)) -> 0.28099995
A5: INNSA1 | B5: 2025-10-13 | C5: 301049751 | D5: 73239990 | E5: SB-12 STEEL TEA STRAINER BIG (QTY 6336 PCS/USD 0.973 PER PCS)SB-12 STEEL TEA STRAINER BIG (QTY 6336 PCS/USD 0.973 PER PCS | N5: 1548.8 | O5: KGS | P5: 378.45784 | Q5: 586155.51 | R5: 4.219151 | S5: 6534.6211 | T5: 164709.7 | U5: 6336 | V5: 0.973 | W5: SB-12 | X5: Strainer | Y5: Table, kitchen or other household articles of iron or steel | Z5: Steel Household Articles | AA5: Strainer | AB5: =IF(INPUT_RAW!B5="","",YEAR(INPUT_RAW!B5)) -> 2025 | AC5: =IF(OR(INPUT_RAW!Q5="",INPUT_RAW!T5=""),"",INPUT_RAW!Q5+INPUT_RAW!T5) -> 750865.21 | AD5: =IF(INPUT_RAW!Q5="","",IF(INPUT_RAW!Q5=0,0,INPUT_RAW!T5/INPUT_RAW!Q5)) -> 0.281
A6: INNSA1 | B6: 2025-10-13 | C6: 301049751 | D6: 73239990 | E6: SB-12 STEEL TEA STRAINER BIG (QTY 43038 PCS/USD 0.9718 PER PCS)SB-12 STEEL TEA STRAINER BIG (QTY 43038 PCS/USD 0.9718 PER P | N6: 10042.2 | O6: KGS | P6: 399.73967 | Q6: 4014265.8 | R6: 4.4564066 | S6: 44752.127 | T6: 1128008.7 | U6: 43038 | V6: 0.9718 | W6: SB-12 | X6: Strainer | Y6: Table, kitchen or other household articles of iron or steel | Z6: Steel Household Articles | AA6: Strainer | AB6: =IF(INPUT_RAW!B6="","",YEAR(INPUT_RAW!B6)) -> 2025 | AC6: =IF(OR(INPUT_RAW!Q6="",INPUT_RAW!T6=""),"",INPUT_RAW!Q6+INPUT_RAW!T6) -> 5142274.5 | AD6: =IF(INPUT_RAW!Q6="","",IF(INPUT_RAW!Q6=0,0,INPUT_RAW!T6/INPUT_RAW!Q6)) -> 0.28100001
A7: INNSA1 | B7: 2025-10-08 | C7: 301049751 | D7: 73239990 | E7: STEEL HANGER WITH HOOK (SL-89) (QTY:70056 PCS/CNY:7.45 PER PCS)STEEL HANGER WITH HOOK (SL-89) (QTY:70056 PCS/:7.45 | N7: 15568 | O7: KGS | P7: 432.15818 | Q7: 6727838.5 | R7: 4.8178169 | S7: 75003.774 | T7: 1890522.7 | U7: 70056 | W7: STEEL | X7: Hanger | Y7: Table, kitchen or other household articles of iron or steel | Z7: Steel Household Articles | AA7: Hanger | AB7: =IF(INPUT_RAW!B7="","",YEAR(INPUT_RAW!B7)) -> 2025 | AC7: =IF(OR(INPUT_RAW!Q7="",INPUT_RAW!T7=""),"",INPUT_RAW!Q7+INPUT_RAW!T7) -> 8618361.2 | AD7: =IF(INPUT_RAW!Q7="","",IF(INPUT_RAW!Q7=0,0,INPUT_RAW!T7/INPUT_RAW!Q7)) -> 0.28100001
A8: INNSA1 | B8: 2025-10-06 | C8: 301049751 | D8: 73239990 | E8: STEEL HANGER 10PCS SET (AM-969) (QTY: 480 SET/USD 0.819 PERSET)STEEL HANGER 10PCS SET (AM-969) (QTY: 480 SET/USD 0.819 PER | N8: 380 | O8: KGS | P8: 100.44208 | Q8: 38167.99 | R8: 1.1197556 | S8: 425.50713 | T8: 10725.3 | U8: 480 | V8: 0.819 | W8: STEEL | X8: Hanger | Y8: Table, kitchen or other household articles of iron or steel | Z8: Steel Household Articles | AA8: Hanger | AB8: =IF(INPUT_RAW!B8="","",YEAR(INPUT_RAW!B8)) -> 2025 | AC8: =IF(OR(INPUT_RAW!Q8="",INPUT_RAW!T8=""),"",INPUT_RAW!Q8+INPUT_RAW!T8) -> 48893.29 | AD8: =IF(INPUT_RAW!Q8="","",IF(INPUT_RAW!Q8=0,0,INPUT_RAW!T8/INPUT_RAW!Q8)) -> 0.28100248
A9: INNSA1 | B9: 2025-10-01 | C9: 301049751 | D9: 73239990 | E9: AM-967 STEEL FRUIT BASKET (QTY 400 PCS/USD 1.031 PER PCS) AM-967 STEEL FRUIT BASKET (QTY 400 PCS/USD 1.031 PER PCS) | N9: 460 | O9: KGS | P9: 85.377826 | Q9: 39273.8 | R9: 0.96092095 | S9: 442.02364 | T9: 11036 | U9: 400 | V9: 1.031 | W9: AM-967 | X9: Basket | Y9: Table, kitchen or other household articles of iron or steel | Z9: Steel Household Articles | AA9: Basket | AB9: =IF(INPUT_RAW!B9="","",YEAR(INPUT_RAW!B9)) -> 2025 | AC9: =IF(OR(INPUT_RAW!Q9="",INPUT_RAW!T9=""),"",INPUT_RAW!Q9+INPUT_RAW!T9) -> 50309.8 | AD9: =IF(INPUT_RAW!Q9="","",IF(INPUT_RAW!Q9=0,0,INPUT_RAW!T9/INPUT_RAW!Q9)) -> 0.28100158
A10: INNSA1 | B10: 2025-10-01 | C10: 301049751 | D10: 73239990 | E10: AM-966 STEEL FRUIT BASKET (QTY 400 PCS/USD 1.017 PER PCS) AM-966 STEEL FRUIT BASKET (QTY 400 PCS/USD 1.017 PER PCS) | N10: 310 | O10: KGS | P10: 124.96932 | Q10: 38740.49 | R10: 1.4065202 | S10: 436.02127 | T10: 10886.1 | U10: 400 | V10: 1.017 | W10: AM-966 | X10: Basket | Y10: Table, kitchen or other household articles of iron or steel | Z10: Steel Household Articles | AA10: Basket | AB10: =IF(INPUT_RAW!B10="","",YEAR(INPUT_RAW!B10)) -> 2025 | AC10: =IF(OR(INPUT_RAW!Q10="",INPUT_RAW!T10=""),"",INPUT_RAW!Q10+INPUT_RAW!T10) -> 49626.59 | AD10: =IF(INPUT_RAW!Q10="","",IF(INPUT_RAW!Q10=0,0,INPUT_RAW!T10/INPUT_RAW!Q10)) -> 0.28100058
A11: INNSA1 | B11: 2025-10-01 | C11: 301049751 | D11: 73239990 | E11: AM-965 STEEL SPOON & FORK HOLDER (QTY 480 PCS/USD 0.734 PERPCS)AM-965 STEEL SPOON & FORK HOLDER (QTY 480 PCS/USD 0.734 PER | N11: 168 | O11: KGS | P11: 199.71571 | Q11: 33552.24 | R11: 2.2477852 | S11: 377.62791 | T11: 9428.1 | U11: 480 | V11: 0.734 | W11: AM-965 | X11: Holder | Y11: Table, kitchen or other household articles of iron or steel | Z11: Steel Household Articles | AA11: Holder | AB11: =IF(INPUT_RAW!B11="","",YEAR(INPUT_RAW!B11)) -> 2025 | AC11: =IF(OR(INPUT_RAW!Q11="",INPUT_RAW!T11=""),"",INPUT_RAW!Q11+INPUT_RAW!T11) -> 42980.34 | AD11: =IF(INPUT_RAW!Q11="","",IF(INPUT_RAW!Q11=0,0,INPUT_RAW!T11/INPUT_RAW!Q11)) -> 0.28099763
A12: INNSA1 | B12: 2025-10-01 | C12: 301049751 | D12: 73231000 | E12: 8001-2 STEEL SCRUBBER 2 PCS SET (QTY 336000 SETS/USD 0.139 PER SETS)8001-2 STEEL SCRUBBER 2 PCS SET (QTY 336000 SETS/USD 0.139 P | N12: 9800 | O12: KGS | P12: 456.12539 | Q12: 4470028.8 | R12: 5.1336566 | S12: 50309.835 | T12: 1965024.7 | U12: 336000 | V12: 0.139 | W12: 8001-2 | X12: Scrubber | Y12: Stainless steel scouring pads and similar | Z12: Cleaning Supplies | AA12: Scrubber | AB12: =IF(INPUT_RAW!B12="","",YEAR(INPUT_RAW!B12)) -> 2025 | AC12: =IF(OR(INPUT_RAW!Q12="",INPUT_RAW!T12=""),"",INPUT_RAW!Q12+INPUT_RAW!T12) -> 6435053.5 | AD12: =IF(INPUT_RAW!Q12="","",IF(INPUT_RAW!Q12=0,0,INPUT_RAW!T12/INPUT_RAW!Q12)) -> 0.43960001
A13: INNSA1 | B13: 2025-09-27 | C13: 301049751 | D13: 73231000 | E13: OKS-4156 STEEL SCRUBBER 6PCS SET (QTY: 93360 PCS /USD 0.228PER PCS)OKS-4156 STEEL SCRUBBER 6PCS SET (QTY: 93360 PCS /USD 0.228 | N13: 7496.03 | O13: KGS | P13: 263.57138 | Q13: 1975739 | R13: 2.9664758 | S13: 22236.792 | T13: 868534.9 | U13: 93360 | V13: 0.228 | W13: OKS-4156 | X13: Scrubber | Y13: Stainless steel scouring pads and similar | Z13: Cleaning Supplies | AA13: Scrubber | AB13: =IF(INPUT_RAW!B13="","",YEAR(INPUT_RAW!B13)) -> 2025 | AC13: =IF(OR(INPUT_RAW!Q13="",INPUT_RAW!T13=""),"",INPUT_RAW!Q13+INPUT_RAW!T13) -> 2844273.9 | AD13: =IF(INPUT_RAW!Q13="","",IF(INPUT_RAW!Q13=0,0,INPUT_RAW!T13/INPUT_RAW!Q13)) -> 0.43960003
A14: INNSA1 | B14: 2025-09-27 | C14: 301049751 | D14: 73231000 | E14: 8001-2 STEEL SCRUBBER 2PCS SET (QTY: 168000 SETS/USD 0.139 PER SETS)8001-2 STEEL SCRUBBER 2PCS SET (QTY: 168000 SETS/USD 0.139 P | N14: 4900 | O14: KGS | P14: 442.07294 | Q14: 2166157.4 | R14: 4.9754973 | S14: 24379.937 | T14: 952242.8 | U14: 168000 | V14: 0.139 | W14: 8001-2 | X14: Scrubber | Y14: Stainless steel scouring pads and similar | Z14: Cleaning Supplies | AA14: Scrubber | AB14: =IF(INPUT_RAW!B14="","",YEAR(INPUT_RAW!B14)) -> 2025 | AC14: =IF(OR(INPUT_RAW!Q14="",INPUT_RAW!T14=""),"",INPUT_RAW!Q14+INPUT_RAW!T14) -> 3118400.2 | AD14: =IF(INPUT_RAW!Q14="","",IF(INPUT_RAW!Q14=0,0,INPUT_RAW!T14/INPUT_RAW!Q14)) -> 0.43960001
A15: INNSA1 | B15: 2025-09-24 | C15: 301049751 | D15: 73239990 | E15: AM-321 STEEL DRAINER (QTY:28752 PCS/USD 0.7050 PER PCS) AM-321 STEEL DRAINER (QTY:28752 PCS/USD 0.7050 PER PCS) | N15: 3953.4 | O15: KGS | P15: 492.73197 | Q15: 1947966.6 | R15: 5.5456609 | S15: 21924.216 | T15: 547378.6 | U15: 28752 | V15: 0.705 | W15: AM-321 | Y15: Table, kitchen or other household articles of iron or steel | Z15: Steel Household Articles | AA15: Household Article | AB15: =IF(INPUT_RAW!B15="","",YEAR(INPUT_RAW!B15)) -> 2025 | AC15: =IF(OR(INPUT_RAW!Q15="",INPUT_RAW!T15=""),"",INPUT_RAW!Q15+INPUT_RAW!T15) -> 2495345.2 | AD15: =IF(INPUT_RAW!Q15="","",IF(INPUT_RAW!Q15=0,0,INPUT_RAW!T15/INPUT_RAW!Q15)) -> 0.281
A16: INNSA1 | B16: 2025-09-24 | C16: 301049751 | D16: 73239990 | E16: HOUSEHOLD STEEL HOOK 3PCS SET (2628) (QTY: 166608 SET/USD 0.36 PER SET)HOUSEHOLD STEEL HOOK 3PCS SET (2628) (QTY: 166608 SET/USD 0. | N16: 5646.16 | O16: KGS | P16: 971.5058 | Q16: 5485277.2 | R16: 10.934224 | S16: 61736.378 | T16: 1541362.8 | U16: 166608 | V16: 0.36 | W16: HOUSEHOLD | X16: Hook | Y16: Table, kitchen or other household articles of iron or steel | Z16: Steel Household Articles | AA16: Hook | AB16: =IF(INPUT_RAW!B16="","",YEAR(INPUT_RAW!B16)) -> 2025 | AC16: =IF(OR(INPUT_RAW!Q16="",INPUT_RAW!T16=""),"",INPUT_RAW!Q16+INPUT_RAW!T16) -> 7026640 | AD16: =IF(INPUT_RAW!Q16="","",IF(INPUT_RAW!Q16=0,0,INPUT_RAW!T16/INPUT_RAW!Q16)) -> 0.28099998
A17: INNSA1 | B17: 2025-09-24 | C17: 301049751 | D17: 73239990 | E17: NP-55 STEEL TEA STRAINER (QTY:50400 PCS/USD 0.2710 PER PCS) NP-55 STEEL TEA STRAINER (QTY:50400 PCS/USD 0.2710 PER PCS) | N17: 2310 | O17: KGS | P17: 568.21426 | Q17: 1312574.9 | R17: 6.3952083 | S17: 14772.931 | T17: 368833.6 | U17: 50400 | V17: 0.271 | W17: NP-55 | X17: Strainer | Y17: Table, kitchen or other household articles of iron or steel | Z17: Steel Household Articles | AA17: Strainer | AB17: =IF(INPUT_RAW!B17="","",YEAR(INPUT_RAW!B17)) -> 2025 | AC17: =IF(OR(INPUT_RAW!Q17="",INPUT_RAW!T17=""),"",INPUT_RAW!Q17+INPUT_RAW!T17) -> 1681408.5 | AD17: =IF(INPUT_RAW!Q17="","",IF(INPUT_RAW!Q17=0,0,INPUT_RAW!T17/INPUT_RAW!Q17)) -> 0.28100003
A18: INNSA1 | B18: 2025-09-24 | C18: 301049751 | D18: 73239990 | E18: HOUSEHOLD STEEL HOOK 3PCS SET (3888) (QTY:55,296 SET/USD:0.24 PER SET)HOUSEHOLD STEEL HOOK 3PCS SET (3888) (QTY:55,296 SET/USD:0.2 | N18: 1843.2 | O18: KGS | P18: 689.9043 | Q18: 1271631.6 | R18: 7.7648205 | S18: 14312.117 | T18: 357328.4 | U18: 55296 | V18: 0.24 | W18: HOUSEHOLD | X18: Hook | Y18: Table, kitchen or other household articles of iron or steel | Z18: Steel Household Articles | AA18: Hook | AB18: =IF(INPUT_RAW!B18="","",YEAR(INPUT_RAW!B18)) -> 2025 | AC18: =IF(OR(INPUT_RAW!Q18="",INPUT_RAW!T18=""),"",INPUT_RAW!Q18+INPUT_RAW!T18) -> 1628960 | AD18: =IF(INPUT_RAW!Q18="","",IF(INPUT_RAW!Q18=0,0,INPUT_RAW!T18/INPUT_RAW!Q18)) -> 0.28099994
A19: INNSA1 | B19: 2025-09-24 | C19: 301049751 | D19: 73239990 | E19: SB-12 STEEL TEA STRAINER BIG (QTY:1026 PCS/USD 0.9770 PER PCS)SB-12 STEEL TEA STRAINER BIG (QTY:1026 PCS/USD 0.9770 PER PC | N19: 250.8 | O19: KGS | P19: 384.09426 | Q19: 96330.84 | R19: 4.3229517 | S19: 1084.1963 | T19: 27069 | U19: 1026 | V19: 0.977 | W19: SB-12 | X19: Strainer | Y19: Table, kitchen or other household articles of iron or steel | Z19: Steel Household Articles | AA19: Strainer | AB19: =IF(INPUT_RAW!B19="","",YEAR(INPUT_RAW!B19)) -> 2025 | AC19: =IF(OR(INPUT_RAW!Q19="",INPUT_RAW!T19=""),"",INPUT_RAW!Q19+INPUT_RAW!T19) -> 123399.84 | AD19: =IF(INPUT_RAW!Q19="","",IF(INPUT_RAW!Q19=0,0,INPUT_RAW!T19/INPUT_RAW!Q19)) -> 0.28100035
A20: INNSA1 | B20: 2025-09-24 | C20: 301049751 | D20: 73239990 | E20: HOUSEHOLD STEEL HOOK 3 PCS SET (2628) (QTY:432 SET/USD:0.360PER SET)HOUSEHOLD STEEL HOOK 3 PCS SET (2628) (QTY:432 SET/USD:0.360 | N20: 14.64 | O20: KGS | P20: 987.6776 | Q20: 14459.6 | R20: 11.116236 | S20: 162.7417 | T20: 4063.1 | U20: 432 | V20: 0.36 | W20: HOUSEHOLD | X20: Hook | Y20: Table, kitchen or other household articles of iron or steel | Z20: Steel Household Articles | AA20: Hook | AB20: =IF(INPUT_RAW!B20="","",YEAR(INPUT_RAW!B20)) -> 2025 | AC20: =IF(OR(INPUT_RAW!Q20="",INPUT_RAW!T20=""),"",INPUT_RAW!Q20+INPUT_RAW!T20) -> 18522.7 | AD20: =IF(INPUT_RAW!Q20="","",IF(INPUT_RAW!Q20=0,0,INPUT_RAW!T20/INPUT_RAW!Q20)) -> 0.28099671
A21: INNSA1 | B21: 2025-09-23 | C21: 301049751 | D21: 73239990 | E21: MILD STEEL MULTI FUNCTION CLOTH STAND (RYX-02-020) (QTY: 1232 PCS/CNY 101 PER PCS)MILD STEEL MULTI FUNCTION CLOTH STAND (RYX-02-020) (QTY: 123 | N21: 4004 | O21: KGS | P21: 434.33413 | Q21: 1739073.9 | R21: 4.8883977 | S21: 19573.144 | T21: 488679.8 | U21: 1232 | W21: MILD | X21: Stand | Y21: Table, kitchen or other household articles of iron or steel | Z21: Steel Household Articles | AA21: Stand | AB21: =IF(INPUT_RAW!B21="","",YEAR(INPUT_RAW!B21)) -> 2025 | AC21: =IF(OR(INPUT_RAW!Q21="",INPUT_RAW!T21=""),"",INPUT_RAW!Q21+INPUT_RAW!T21) -> 2227753.7 | AD21: =IF(INPUT_RAW!Q21="","",IF(INPUT_RAW!Q21=0,0,INPUT_RAW!T21/INPUT_RAW!Q21)) -> 0.28100002
A22: INNSA1 | B22: 2025-09-23 | C22: 301049751 | D22: 73239990 | E22: H2740 STEEL CUTLERY HOLDER (QTY:24960 PCS/ USD 1.46 PER PCS) H2740 STEEL CUTLERY HOLDER (QTY:24960 PCS/ USD 1.46 PER PCS) | N22: 9776 | O22: KGS | P22: 347.60347 | Q22: 3398171.5 | R22: 3.9122506 | S22: 38246.162 | T22: 954886.2 | U22: 24960 | V22: 1.46 | W22: H2740 | X22: Holder | Y22: Table, kitchen or other household articles of iron or steel | Z22: Steel Household Articles | AA22: Holder | AB22: =IF(INPUT_RAW!B22="","",YEAR(INPUT_RAW!B22)) -> 2025 | AC22: =IF(OR(INPUT_RAW!Q22="",INPUT_RAW!T22=""),"",INPUT_RAW!Q22+INPUT_RAW!T22) -> 4353057.7 | AD22: =IF(INPUT_RAW!Q22="","",IF(INPUT_RAW!Q22=0,0,INPUT_RAW!T22/INPUT_RAW!Q22)) -> 0.281
A23: INNSA1 | B23: 2025-09-23 | C23: 301049751 | D23: 73239990 | E23: H2740 STEEL CUTLERY HOLDER (QTY:24960 PCS/ USD 1.46 PER PCS)H2740 STEEL CUTLERY HOLDER (QTY:24960 PCS/ USD 1.46 PER PCS | N23: 9776 | O23: KGS | P23: 347.60342 | Q23: 3398171 | R23: 3.9122501 | S23: 38246.157 | T23: 954886 | U23: 24960 | V23: 1.46 | W23: H2740 | X23: Holder | Y23: Table, kitchen or other household articles of iron or steel | Z23: Steel Household Articles | AA23: Holder | AB23: =IF(INPUT_RAW!B23="","",YEAR(INPUT_RAW!B23)) -> 2025 | AC23: =IF(OR(INPUT_RAW!Q23="",INPUT_RAW!T23=""),"",INPUT_RAW!Q23+INPUT_RAW!T23) -> 4353057 | AD23: =IF(INPUT_RAW!Q23="","",IF(INPUT_RAW!Q23=0,0,INPUT_RAW!T23/INPUT_RAW!Q23)) -> 0.28099998
A24: INNSA1 | B24: 2025-09-20 | C24: 301049751 | D24: 73239990 | E24: HOUSEHOLD STEEL HOOK 3PCS SET (3888) (QTY:153600 SET/USD:0.24 PER SET)HOUSEHOLD STEEL HOOK 3PCS SET (3888) (QTY:153600 SET/USD:0.2 | N24: 5120 | O24: KGS | P24: 660.84275 | Q24: 3383514.9 | R24: 7.437735 | S24: 38081.203 | T24: 1239719.9 | U24: 153600 | V24: 0.24 | W24: HOUSEHOLD | X24: Hook | Y24: Table, kitchen or other household articles of iron or steel | Z24: Steel Household Articles | AA24: Hook | AB24: =IF(INPUT_RAW!B24="","",YEAR(INPUT_RAW!B24)) -> 2025 | AC24: =IF(OR(INPUT_RAW!Q24="",INPUT_RAW!T24=""),"",INPUT_RAW!Q24+INPUT_RAW!T24) -> 4623234.8 | AD24: =IF(INPUT_RAW!Q24="","",IF(INPUT_RAW!Q24=0,0,INPUT_RAW!T24/INPUT_RAW!Q24)) -> 0.36640001
A25: INNSA1 | B25: 2025-09-10 | C25: 301049751 | D25: 73239990 | E25: MILD STEEL MULTI FUNCTION CLOTH STAND (RYX-02-020) (QTY:1,232 PCS/CNY:101.00 PER PCS)MILD STEEL MULTI FUNCTION CLOTH STAND (RYX-02-020) (QTY:1,23 | N25: 4004 | O25: KGS | P25: 427.851 | Q25: 1713115.4 | R25: 4.8073146 | S25: 19248.488 | T25: 627685.5 | U25: 1232 | W25: MILD | X25: Stand | Y25: Table, kitchen or other household articles of iron or steel | Z25: Steel Household Articles | AA25: Stand | AB25: =IF(INPUT_RAW!B25="","",YEAR(INPUT_RAW!B25)) -> 2025 | AC25: =IF(OR(INPUT_RAW!Q25="",INPUT_RAW!T25=""),"",INPUT_RAW!Q25+INPUT_RAW!T25) -> 2340800.9 | AD25: =IF(INPUT_RAW!Q25="","",IF(INPUT_RAW!Q25=0,0,INPUT_RAW!T25/INPUT_RAW!Q25)) -> 0.36640001
A26: INNSA1 | B26: 2025-09-09 | C26: 301049751 | D26: 73239990 | E26: STEEL BASKET BIG (SY-845-4) (QTY:800 PCS/USD:0.9710 PER PCS) STEEL BASKET BIG (SY-845-4) (QTY:800 PCS/USD:0.9710 PER PCS) | N26: 150 | O26: KGS | P26: 499.2998 | Q26: 74894.97 | R26: 5.6101101 | S26: 841.51652 | T26: 27441.5 | U26: 800 | V26: 0.971 | W26: STEEL | X26: Basket | Y26: Table, kitchen or other household articles of iron or steel | Z26: Steel Household Articles | AA26: Basket | AB26: =IF(INPUT_RAW!B26="","",YEAR(INPUT_RAW!B26)) -> 2025 | AC26: =IF(OR(INPUT_RAW!Q26="",INPUT_RAW!T26=""),"",INPUT_RAW!Q26+INPUT_RAW!T26) -> 102336.47 | AD26: =IF(INPUT_RAW!Q26="","",IF(INPUT_RAW!Q26=0,0,INPUT_RAW!T26/INPUT_RAW!Q26)) -> 0.36639977
A27: INNSA1 | B27: 2025-09-05 | C27: 301049751 | D27: 73239990 | E27: MILD STEEL MULTI FUNCTION CLOTH STAND (RYX-02-026-3S) (QTY:1696 PCS/CNY: 81.50 PER PCS)MILD STEEL MULTI FUNCTION CLOTH STAND (RYX-02-026-3S) (QTY | N27: 6614.4 | O27: KGS | P27: 308.04406 | Q27: 2037526.6 | R27: 3.4611692 | S27: 22893.558 | T27: 746549.7 | U27: 1696 | W27: MILD | X27: Stand | Y27: Table, kitchen or other household articles of iron or steel | Z27: Steel Household Articles | AA27: Stand | AB27: =IF(INPUT_RAW!B27="","",YEAR(INPUT_RAW!B27)) -> 2025 | AC27: =IF(OR(INPUT_RAW!Q27="",INPUT_RAW!T27=""),"",INPUT_RAW!Q27+INPUT_RAW!T27) -> 2784076.3 | AD27: =IF(INPUT_RAW!Q27="","",IF(INPUT_RAW!Q27=0,0,INPUT_RAW!T27/INPUT_RAW!Q27)) -> 0.36639997
A28: INNSA1 | B28: 2025-09-02 | C28: 301049751 | D28: 73239990 | E28: SB-12 STEEL TEA STRAINER BIG (QTY:4842 PCS/USD 0.977 PER PCS)SB-12 STEEL TEA STRAINER BIG (QTY:4842 PCS/USD 0.977 PER PCS | N28: 1183.6 | O28: KGS | P28: 381.68437 | Q28: 451761.62 | R28: 4.3422568 | S28: 5139.4951 | T28: 165525.4 | U28: 4842 | V28: 0.977 | W28: SB-12 | X28: Strainer | Y28: Table, kitchen or other household articles of iron or steel | Z28: Steel Household Articles | AA28: Strainer | AB28: =IF(INPUT_RAW!B28="","",YEAR(INPUT_RAW!B28)) -> 2025 | AC28: =IF(OR(INPUT_RAW!Q28="",INPUT_RAW!T28=""),"",INPUT_RAW!Q28+INPUT_RAW!T28) -> 617287.02 | AD28: =IF(INPUT_RAW!Q28="","",IF(INPUT_RAW!Q28=0,0,INPUT_RAW!T28/INPUT_RAW!Q28)) -> 0.36639987
A29: INNSA1 | B29: 2025-09-02 | C29: 301049751 | D29: 73239990 | E29: SY-845-4 STEEL BASKET BIG (QTY 37200 PCS/USD 0.9691 PER PCS) SY-845-4 STEEL BASKET BIG (QTY 37200 PCS/USD 0.9691 PER PCS) | N29: 6975 | O29: KGS | P29: 506.19002 | Q29: 3530675.4 | R29: 5.7587033 | S29: 40166.955 | T29: 1293639.5 | U29: 37200 | V29: 0.9691 | W29: SY-845-4 | X29: Basket | Y29: Table, kitchen or other household articles of iron or steel | Z29: Steel Household Articles | AA29: Basket | AB29: =IF(INPUT_RAW!B29="","",YEAR(INPUT_RAW!B29)) -> 2025 | AC29: =IF(OR(INPUT_RAW!Q29="",INPUT_RAW!T29=""),"",INPUT_RAW!Q29+INPUT_RAW!T29) -> 4824314.9 | AD29: =IF(INPUT_RAW!Q29="","",IF(INPUT_RAW!Q29=0,0,INPUT_RAW!T29/INPUT_RAW!Q29)) -> 0.36640001
A30: INNSA1 | B30: 2025-09-02 | C30: 301049751 | D30: 73239990 | E30: NP-55 STEEL TEA STRAINER (QTY:50400 PCS/USD 0.270 PER PCS) NP-55 STEEL TEA STRAINER (QTY:50400 PCS/USD 0.270 PER PCS) | N30: 2310 | O30: KGS | P30: 562.56491 | Q30: 1299524.9 | R30: 6.4000559 | S30: 14784.129 | T30: 476146 | U30: 50400 | V30: 0.27 | W30: NP-55 | X30: Strainer | Y30: Table, kitchen or other household articles of iron or steel | Z30: Steel Household Articles | AA30: Strainer | AB30: =IF(INPUT_RAW!B30="","",YEAR(INPUT_RAW!B30)) -> 2025 | AC30: =IF(OR(INPUT_RAW!Q30="",INPUT_RAW!T30=""),"",INPUT_RAW!Q30+INPUT_RAW!T30) -> 1775670.9 | AD30: =IF(INPUT_RAW!Q30="","",IF(INPUT_RAW!Q30=0,0,INPUT_RAW!T30/INPUT_RAW!Q30)) -> 0.36640004
A31: INNSA1 | B31: 2025-09-02 | C31: 301049751 | D31: 73239990 | E31: AM-321 STEEL DRAINER (QTY:21648 PCS/USD 0.702 PER PCS) AM-321 STEEL DRAINER (QTY:21648 PCS/USD 0.702 PER PCS) | N31: 2976.6 | O31: KGS | P31: 487.55641 | Q31: 1451260.4 | R31: 5.5467168 | S31: 16510.357 | T31: 531741.8 | U31: 21648 | V31: 0.702 | W31: AM-321 | Y31: Table, kitchen or other household articles of iron or steel | Z31: Steel Household Articles | AA31: Household Article | AB31: =IF(INPUT_RAW!B31="","",YEAR(INPUT_RAW!B31)) -> 2025 | AC31: =IF(OR(INPUT_RAW!Q31="",INPUT_RAW!T31=""),"",INPUT_RAW!Q31+INPUT_RAW!T31) -> 1983002.2 | AD31: =IF(INPUT_RAW!Q31="","",IF(INPUT_RAW!Q31=0,0,INPUT_RAW!T31/INPUT_RAW!Q31)) -> 0.36639999
A32: INNSA1 | B32: 2025-08-30 | C32: 301049751 | D32: 73239990 | E32: STEEL SALT BOTTLE (NP-19) (QTY: 36180 PC/USD 0.446 PER PC) STEEL SALT BOTTLE (NP-19) (QTY: 36180 PC/USD 0.446 PER PC) | N32: 5628 | O32: KGS | P32: 271.19431 | Q32: 1526281.6 | R32: 3.0852595 | S32: 17363.841 | T32: 559229.5 | U32: 36180 | V32: 0.446 | W32: STEEL | X32: Bottle | Y32: Table, kitchen or other household articles of iron or steel | Z32: Steel Household Articles | AA32: Bottle | AB32: =IF(INPUT_RAW!B32="","",YEAR(INPUT_RAW!B32)) -> 2025 | AC32: =IF(OR(INPUT_RAW!Q32="",INPUT_RAW!T32=""),"",INPUT_RAW!Q32+INPUT_RAW!T32) -> 2085511.1 | AD32: =IF(INPUT_RAW!Q32="","",IF(INPUT_RAW!Q32=0,0,INPUT_RAW!T32/INPUT_RAW!Q32)) -> 0.36639995
A33: INNSA1 | B33: 2025-08-29 | C33: 301049751 | D33: 73231000 | E33: STEEL SCRUBBER 6PCS SET (OKS-4156) (QTY:98,400 SET/USD:0.228PER SET)STEEL SCRUBBER 6PCS SET (OKS-4156) (QTY:98,400 SET/USD:0.228 | N33: 8856 | O33: KGS | P33: 242.06265 | Q33: 2143706.8 | R33: 2.7538412 | S33: 24388.018 | T33: 942373.5 | U33: 98400 | V33: 0.228 | W33: STEEL | X33: Scrubber | Y33: Stainless steel scouring pads and similar | Z33: Cleaning Supplies | AA33: Scrubber | AB33: =IF(INPUT_RAW!B33="","",YEAR(INPUT_RAW!B33)) -> 2025 | AC33: =IF(OR(INPUT_RAW!Q33="",INPUT_RAW!T33=""),"",INPUT_RAW!Q33+INPUT_RAW!T33) -> 3086080.3 | AD33: =IF(INPUT_RAW!Q33="","",IF(INPUT_RAW!Q33=0,0,INPUT_RAW!T33/INPUT_RAW!Q33)) -> 0.4396
A34: INNSA1 | B34: 2025-08-23 | C34: 301049751 | D34: 73231000 | E34: STEEL SCRUBBER (8001-12) (QTY:263520 PCS/USD:0.078 PER PCS) STEEL SCRUBBER (8001-12) (QTY:263520 PCS/USD:0.078 PER PCS) | N34: 4758 | O34: KGS | P34: 399.76611 | Q34: 1902087.1 | R34: 4.5479648 | S34: 21639.217 | T34: 836157.4 | U34: 263520 | V34: 0.078 | W34: STEEL | X34: Scrubber | Y34: Stainless steel scouring pads and similar | Z34: Cleaning Supplies | AA34: Scrubber | AB34: =IF(INPUT_RAW!B34="","",YEAR(INPUT_RAW!B34)) -> 2025 | AC34: =IF(OR(INPUT_RAW!Q34="",INPUT_RAW!T34=""),"",INPUT_RAW!Q34+INPUT_RAW!T34) -> 2738244.5 | AD34: =IF(INPUT_RAW!Q34="","",IF(INPUT_RAW!Q34=0,0,INPUT_RAW!T34/INPUT_RAW!Q34)) -> 0.43959994
A35: INNSA1 | B35: 2025-08-23 | C35: 301049751 | D35: 73231000 | E35: STEEL SCRUBBER 6 PCS SET (GT001) (QTY:1260 PCS/USD:0.238 PERPCS)STEEL SCRUBBER 6 PCS SET (GT001) (QTY:1260 PCS/USD:0.238 PER | N35: 180 | O35: KGS | P35: 154.16906 | Q35: 27750.43 | R35: 1.7539142 | S35: 315.70455 | T35: 12199.1 | U35: 1260 | V35: 0.238 | W35: STEEL | X35: Scrubber | Y35: Stainless steel scouring pads and similar | Z35: Cleaning Supplies | AA35: Scrubber | AB35: =IF(INPUT_RAW!B35="","",YEAR(INPUT_RAW!B35)) -> 2025 | AC35: =IF(OR(INPUT_RAW!Q35="",INPUT_RAW!T35=""),"",INPUT_RAW!Q35+INPUT_RAW!T35) -> 39949.53 | AD35: =IF(INPUT_RAW!Q35="","",IF(INPUT_RAW!Q35=0,0,INPUT_RAW!T35/INPUT_RAW!Q35)) -> 0.4396004
A36: INNSA1 | B36: 2025-08-20 | C36: 301049751 | D36: 73239990 | E36: STEEL SPRINKLER (AM-430) (QTY: 30072 PCS/USD 0.578 PER PCS) STEEL SPRINKLER (AM-430) (QTY: 30072 PCS/USD 0.578 PER PCS) | N36: 5012 | O36: KGS | P36: 326.07507 | Q36: 1634288.3 | R36: 3.6803056 | S36: 18445.692 | T36: 598803.3 | U36: 30072 | V36: 0.578 | W36: STEEL | Y36: Table, kitchen or other household articles of iron or steel | Z36: Steel Household Articles | AA36: Household Article | AB36: =IF(INPUT_RAW!B36="","",YEAR(INPUT_RAW!B36)) -> 2025 | AC36: =IF(OR(INPUT_RAW!Q36="",INPUT_RAW!T36=""),"",INPUT_RAW!Q36+INPUT_RAW!T36) -> 2233091.6 | AD36: =IF(INPUT_RAW!Q36="","",IF(INPUT_RAW!Q36=0,0,INPUT_RAW!T36/INPUT_RAW!Q36)) -> 0.36640005
A37: INNSA1 | B37: 2025-08-20 | C37: 301049751 | D37: 73239990 | E37: STEEL SALT BOTTLE (NP-19) (QTY: 36000 PCS/USD 0.445 PER PCS) STEEL SALT BOTTLE (NP-19) (QTY: 36000 PCS/USD 0.445 PER PCS) | N37: 5600 | O37: KGS | P37: 268.97564 | Q37: 1506263.6 | R37: 3.0358425 | S37: 17000.718 | T37: 551895 | U37: 36000 | V37: 0.445 | W37: STEEL | X37: Bottle | Y37: Table, kitchen or other household articles of iron or steel | Z37: Steel Household Articles | AA37: Bottle | AB37: =IF(INPUT_RAW!B37="","",YEAR(INPUT_RAW!B37)) -> 2025 | AC37: =IF(OR(INPUT_RAW!Q37="",INPUT_RAW!T37=""),"",INPUT_RAW!Q37+INPUT_RAW!T37) -> 2058158.6 | AD37: =IF(INPUT_RAW!Q37="","",IF(INPUT_RAW!Q37=0,0,INPUT_RAW!T37/INPUT_RAW!Q37)) -> 0.36640001
A38: INNSA1 | B38: 2025-08-16 | C38: 301049751 | D38: 73231000 | E38: STEEL SCRUBBER 6PCS SET (OKS-4156) (QTY:98,400 SET/USD:0.228PER SET)STEEL SCRUBBER 6PCS SET (OKS-4156) (QTY:98,400 SET/USD:0.228 | N38: 8856 | O38: KGS | P38: 235.98644 | Q38: 2089895.9 | R38: 2.6635038 | S38: 23587.99 | T38: 918718.2 | U38: 98400 | V38: 0.228 | W38: STEEL | X38: Scrubber | Y38: Stainless steel scouring pads and similar | Z38: Cleaning Supplies | AA38: Scrubber | AB38: =IF(INPUT_RAW!B38="","",YEAR(INPUT_RAW!B38)) -> 2025 | AC38: =IF(OR(INPUT_RAW!Q38="",INPUT_RAW!T38=""),"",INPUT_RAW!Q38+INPUT_RAW!T38) -> 3008614.1 | AD38: =IF(INPUT_RAW!Q38="","",IF(INPUT_RAW!Q38=0,0,INPUT_RAW!T38/INPUT_RAW!Q38)) -> 0.43959999
A39: INNSA1 | B39: 2025-08-07 | C39: 301049751 | D39: 73239990 | E39: STEEL BASKET SQUARE (SY-845-6) (QTY: 4400 PCS/USD 0.702 PERPCS)STEEL BASKET SQUARE (SY-845-6) (QTY: 4400 PCS/USD 0.702 PER | N39: 660 | O39: KGS | P39: 436.13305 | Q39: 287847.81 | R39: 5.0245743 | S39: 3316.219 | T39: 105467.5 | U39: 4400 | V39: 0.702 | W39: STEEL | X39: Basket | Y39: Table, kitchen or other household articles of iron or steel | Z39: Steel Household Articles | AA39: Basket | AB39: =IF(INPUT_RAW!B39="","",YEAR(INPUT_RAW!B39)) -> 2025 | AC39: =IF(OR(INPUT_RAW!Q39="",INPUT_RAW!T39=""),"",INPUT_RAW!Q39+INPUT_RAW!T39) -> 393315.31 | AD39: =IF(INPUT_RAW!Q39="","",IF(INPUT_RAW!Q39=0,0,INPUT_RAW!T39/INPUT_RAW!Q39)) -> 0.36640022
A40: INNSA1 | B40: 2025-08-01 | C40: 301049751 | D40: 73231000 | E40: STEEL SCRUBBER 2 PCS SET (8001-2) (QTY:336000 SET/USD:0.139PER SET)STEEL SCRUBBER 2 PCS SET (8001-2) (QTY:336000 SET/USD:0.139 | N40: 9800 | O40: KGS | P40: 438.07306 | Q40: 4293116 | R40: 5.0469247 | S40: 49459.862 | T40: 1887253.8 | U40: 336000 | V40: 0.139 | W40: STEEL | X40: Scrubber | Y40: Stainless steel scouring pads and similar | Z40: Cleaning Supplies | AA40: Scrubber | AB40: =IF(INPUT_RAW!B40="","",YEAR(INPUT_RAW!B40)) -> 2025 | AC40: =IF(OR(INPUT_RAW!Q40="",INPUT_RAW!T40=""),"",INPUT_RAW!Q40+INPUT_RAW!T40) -> 6180369.8 | AD40: =IF(INPUT_RAW!Q40="","",IF(INPUT_RAW!Q40=0,0,INPUT_RAW!T40/INPUT_RAW!Q40)) -> 0.4396
A41: INNSA1 | B41: 2025-07-29 | C41: 301049751 | D41: 73239990 | E41: STEEL TEA STRAINER BIG (SB-12) (QTY:1,332 PCS/USD:0.973 PERPCS)STEEL TEA STRAINER BIG (SB-12) (QTY:1,332 PCS/USD:0.973 PER | N41: 325.6 | O41: KGS | P41: 371.79404 | Q41: 121056.14 | R41: 4.2833415 | S41: 1394.656 | T41: 44354.9 | U41: 1332 | V41: 0.973 | W41: STEEL | X41: Strainer | Y41: Table, kitchen or other household articles of iron or steel | Z41: Steel Household Articles | AA41: Strainer | AB41: =IF(INPUT_RAW!B41="","",YEAR(INPUT_RAW!B41)) -> 2025 | AC41: =IF(OR(INPUT_RAW!Q41="",INPUT_RAW!T41=""),"",INPUT_RAW!Q41+INPUT_RAW!T41) -> 165411.04 | AD41: =IF(INPUT_RAW!Q41="","",IF(INPUT_RAW!Q41=0,0,INPUT_RAW!T41/INPUT_RAW!Q41)) -> 0.36639942
A42: INNSA1 | B42: 2025-07-29 | C42: 301049751 | D42: 73239990 | E42: STEEL TEA STRAINER (NP-55) (QTY:1,00,800 PCS/USD:0.269 PER PCS)STEEL TEA STRAINER (NP-55) (QTY:1,00,800 PCS/USD:0.269 PER P | N42: 4620 | O42: KGS | P42: 548.20029 | Q42: 2532685.3 | R42: 6.3156715 | S42: 29178.402 | T42: 927975.9 | U42: 100800 | V42: 0.269 | W42: STEEL | X42: Strainer | Y42: Table, kitchen or other household articles of iron or steel | Z42: Steel Household Articles | AA42: Strainer | AB42: =IF(INPUT_RAW!B42="","",YEAR(INPUT_RAW!B42)) -> 2025 | AC42: =IF(OR(INPUT_RAW!Q42="",INPUT_RAW!T42=""),"",INPUT_RAW!Q42+INPUT_RAW!T42) -> 3460661.2 | AD42: =IF(INPUT_RAW!Q42="","",IF(INPUT_RAW!Q42=0,0,INPUT_RAW!T42/INPUT_RAW!Q42)) -> 0.3664
A43: INNSA1 | B43: 2025-07-28 | C43: 301049751 | D43: 73239990 | E43: STEEL BASKET SQUARE (SY-845-6) (QTY: 82,800 PCS/USD:0.7012 PCS)STEEL BASKET SQUARE (SY-845-6) (QTY: 82,800 PCS/USD:0.7012 P | N43: 12006 | O43: KGS | P43: 448.12218 | Q43: 5380154.9 | R43: 5.1626979 | S43: 61983.351 | T43: 1971288.8 | U43: 82800 | V43: 0.7012 | W43: STEEL | X43: Basket | Y43: Table, kitchen or other household articles of iron or steel | Z43: Steel Household Articles | AA43: Basket | AB43: =IF(INPUT_RAW!B43="","",YEAR(INPUT_RAW!B43)) -> 2025 | AC43: =IF(OR(INPUT_RAW!Q43="",INPUT_RAW!T43=""),"",INPUT_RAW!Q43+INPUT_RAW!T43) -> 7351443.7 | AD43: =IF(INPUT_RAW!Q43="","",IF(INPUT_RAW!Q43=0,0,INPUT_RAW!T43/INPUT_RAW!Q43)) -> 0.36640001
A44: INNSA1 | B44: 2025-07-23 | C44: 301049751 | D44: 73239990 | E44: STEEL CUTLERY HOLDER (H2740) (QTY: 24960 NOS/USD 1.55 PER NOS)STEEL CUTLERY HOLDER (H2740) (QTY: 24960 NOS/USD 1.55 PER NO | N44: 9776 | O44: KGS | P44: 361.08518 | Q44: 3529968.7 | R44: 4.1599675 | S44: 40667.842 | T44: 1293380.5 | U44: 24960 | V44: 1.55 | W44: STEEL | X44: Holder | Y44: Table, kitchen or other household articles of iron or steel | Z44: Steel Household Articles | AA44: Holder | AB44: =IF(INPUT_RAW!B44="","",YEAR(INPUT_RAW!B44)) -> 2025 | AC44: =IF(OR(INPUT_RAW!Q44="",INPUT_RAW!T44=""),"",INPUT_RAW!Q44+INPUT_RAW!T44) -> 4823349.2 | AD44: =IF(INPUT_RAW!Q44="","",IF(INPUT_RAW!Q44=0,0,INPUT_RAW!T44/INPUT_RAW!Q44)) -> 0.36639999
A45: INNSA1 | B45: 2025-07-22 | C45: 301049751 | D45: 73231000 | E45: STEEL SCRUBBER 2 PCS SET (8001-2) (QTY:168000 SETS/USD:0.139PER PCS)STEEL SCRUBBER 2 PCS SET (8001-2) (QTY:168000 SETS/USD:0.139 | N45: 4900 | O45: KGS | P45: 448.69949 | Q45: 2198627.5 | R45: 5.1693489 | S45: 25329.81 | T45: 966516.6 | U45: 168000 | V45: 0.139 | W45: STEEL | X45: Scrubber | Y45: Stainless steel scouring pads and similar | Z45: Cleaning Supplies | AA45: Scrubber | AB45: =IF(INPUT_RAW!B45="","",YEAR(INPUT_RAW!B45)) -> 2025 | AC45: =IF(OR(INPUT_RAW!Q45="",INPUT_RAW!T45=""),"",INPUT_RAW!Q45+INPUT_RAW!T45) -> 3165144.1 | AD45: =IF(INPUT_RAW!Q45="","",IF(INPUT_RAW!Q45=0,0,INPUT_RAW!T45/INPUT_RAW!Q45)) -> 0.43959998
A46: INNSA1 | B46: 2025-07-17 | C46: 301049751 | D46: 73239990 | E46: STEEL SPRINKLER (AM-430) (QTY: 2880 PCS/USD 0.579 PER PCS) STEEL SPRINKLER (AM-430) (QTY: 2880 PCS/USD 0.579 PER PCS) | N46: 528 | O46: KGS | P46: 297.1404 | Q46: 156890.13 | R46: 3.4471044 | S46: 1820.0711 | T46: 57484.5 | U46: 2880 | V46: 0.579 | W46: STEEL | Y46: Table, kitchen or other household articles of iron or steel | Z46: Steel Household Articles | AA46: Household Article | AB46: =IF(INPUT_RAW!B46="","",YEAR(INPUT_RAW!B46)) -> 2025 | AC46: =IF(OR(INPUT_RAW!Q46="",INPUT_RAW!T46=""),"",INPUT_RAW!Q46+INPUT_RAW!T46) -> 214374.63 | AD46: =IF(INPUT_RAW!Q46="","",IF(INPUT_RAW!Q46=0,0,INPUT_RAW!T46/INPUT_RAW!Q46)) -> 0.36639972
A47: INNSA1 | B47: 2025-07-17 | C47: 301049751 | D47: 73239990 | E47: STEEL HAND BLENDER (SR-13) (QTY: 540 PCS/USD 0.337 PER PCS) STEEL HAND BLENDER (SR-13) (QTY: 540 PCS/USD 0.337 PER PCS) | N47: 33 | O47: KGS | P47: 518.84091 | Q47: 17121.75 | R47: 6.0190361 | S47: 198.62819 | T47: 6273.4 | U47: 540 | V47: 0.337 | W47: STEEL | Y47: Table, kitchen or other household articles of iron or steel | Z47: Steel Household Articles | AA47: Household Article | AB47: =IF(INPUT_RAW!B47="","",YEAR(INPUT_RAW!B47)) -> 2025 | AC47: =IF(OR(INPUT_RAW!Q47="",INPUT_RAW!T47=""),"",INPUT_RAW!Q47+INPUT_RAW!T47) -> 23395.15 | AD47: =IF(INPUT_RAW!Q47="","",IF(INPUT_RAW!Q47=0,0,INPUT_RAW!T47/INPUT_RAW!Q47)) -> 0.36639946
A48: INNSA1 | B48: 2025-07-17 | C48: 301049751 | D48: 73239990 | E48: STEEL SALT BOTTLE (NP-19) (QTY: 6624 PCS/USD 0.446 PER PCS) STEEL SALT BOTTLE (NP-19) (QTY: 6624 PCS/USD 0.446 PER PCS) | N48: 1030.4 | O48: KGS | P48: 269.75736 | Q48: 277957.98 | R48: 3.1294357 | S48: 3224.5705 | T48: 101843.9 | U48: 6624 | V48: 0.446 | W48: STEEL | X48: Bottle | Y48: Table, kitchen or other household articles of iron or steel | Z48: Steel Household Articles | AA48: Bottle | AB48: =IF(INPUT_RAW!B48="","",YEAR(INPUT_RAW!B48)) -> 2025 | AC48: =IF(OR(INPUT_RAW!Q48="",INPUT_RAW!T48=""),"",INPUT_RAW!Q48+INPUT_RAW!T48) -> 379801.88 | AD48: =IF(INPUT_RAW!Q48="","",IF(INPUT_RAW!Q48=0,0,INPUT_RAW!T48/INPUT_RAW!Q48)) -> 0.36640035
A49: INNSA1 | B49: 2025-07-17 | C49: 301049751 | D49: 73239390 | E49: STEEL FILTER BALL WITH CHAIN (SR-10) (QTY: 540 PCS/USD 0.258PER PCS)STEEL FILTER BALL WITH CHAIN (SR-10) (QTY: 540 PCS/USD 0.25 | N49: 12 | O49: KGS | P49: 1087.7442 | Q49: 13052.93 | R49: 12.618842 | S49: 151.4261 | T49: 4782.7 | U49: 540 | V49: 0.258 | W49: STEEL | Y49: Table, kitchen or other household articles of stainless steel | Z49: Stainless Steel Household Articles | AA49: Kitchenware | AB49: =IF(INPUT_RAW!B49="","",YEAR(INPUT_RAW!B49)) -> 2025 | AC49: =IF(OR(INPUT_RAW!Q49="",INPUT_RAW!T49=""),"",INPUT_RAW!Q49+INPUT_RAW!T49) -> 17835.63 | AD49: =IF(INPUT_RAW!Q49="","",IF(INPUT_RAW!Q49=0,0,INPUT_RAW!T49/INPUT_RAW!Q49)) -> 0.36640816
A50: INNSA1 | B50: 2025-07-16 | C50: 301049751 | D50: 73239990 | E50: STEEL HANGER WITH HOOK (SL-89) (QTY: 70056 PCS/CNY 7.45 PERPCS)STEEL HANGER WITH HOOK (SL-89) (QTY: 70056 PCS/CNY 7.45 PER | N50: 15568 | O50: KGS | P50: 416.91549 | Q50: 6490540.3 | R50: 4.8366066 | S50: 75296.291 | T50: 2378134 | U50: 70056 | W50: STEEL | X50: Hanger | Y50: Table, kitchen or other household articles of iron or steel | Z50: Steel Household Articles | AA50: Hanger | AB50: =IF(INPUT_RAW!B50="","",YEAR(INPUT_RAW!B50)) -> 2025 | AC50: =IF(OR(INPUT_RAW!Q50="",INPUT_RAW!T50=""),"",INPUT_RAW!Q50+INPUT_RAW!T50) -> 8868674.3 | AD50: =IF(INPUT_RAW!Q50="","",IF(INPUT_RAW!Q50=0,0,INPUT_RAW!T50/INPUT_RAW!Q50)) -> 0.36640001
A51: INNSA1 | B51: 2025-07-15 | C51: 301049751 | D51: 73239390 | E51: STEEL INFUSER (SR-20) (QTY: 360 PCS/USD 0.743 PER PCS) STEEL INFUSER (SR-20) (QTY: 360 PCS/USD 0.743 PER PCS) | N51: 15 | O51: KGS | P51: 1678.8247 | Q51: 25182.37 | R51: 19.475924 | S51: 292.13886 | T51: 9226.8 | U51: 360 | V51: 0.743 | W51: STEEL | Y51: Table, kitchen or other household articles of stainless steel | Z51: Stainless Steel Household Articles | AA51: Kitchenware | AB51: =IF(INPUT_RAW!B51="","",YEAR(INPUT_RAW!B51)) -> 2025 | AC51: =IF(OR(INPUT_RAW!Q51="",INPUT_RAW!T51=""),"",INPUT_RAW!Q51+INPUT_RAW!T51) -> 34409.17 | AD51: =IF(INPUT_RAW!Q51="","",IF(INPUT_RAW!Q51=0,0,INPUT_RAW!T51/INPUT_RAW!Q51)) -> 0.36639919
A52: INNSA1 | B52: 2025-07-15 | C52: 301049751 | D52: 73239990 | E52: MILD STEEL MULTI FUNCTION CLOTH STAND (RYX-02-020) (QTY:1,232 PCS/ CNY:101 PER PCS)MILD STEEL MULTI FUNCTION CLOTH STAND (RYX-02-020) (QTY:1,23 | N52: 4004 | O52: KGS | P52: 424.51678 | Q52: 1699765.2 | R52: 4.9247886 | S52: 19718.854 | T52: 622793.9 | U52: 1232 | W52: MILD | X52: Stand | Y52: Table, kitchen or other household articles of iron or steel | Z52: Steel Household Articles | AA52: Stand | AB52: =IF(INPUT_RAW!B52="","",YEAR(INPUT_RAW!B52)) -> 2025 | AC52: =IF(OR(INPUT_RAW!Q52="",INPUT_RAW!T52=""),"",INPUT_RAW!Q52+INPUT_RAW!T52) -> 2322559.1 | AD52: =IF(INPUT_RAW!Q52="","",IF(INPUT_RAW!Q52=0,0,INPUT_RAW!T52/INPUT_RAW!Q52)) -> 0.36639996
A53: INNSA1 | B53: 2025-07-10 | C53: 301049751 | D53: 73239990 | E53: SB-12 STEEL TEA STRAINER BIG (QTY:44226 PCS/USD 0.975 PER PCS)SB-12 STEEL TEA STRAINER BIG (QTY:44226 PCS/USD 0.975 PER PC | N53: 10810.8 | O53: KGS | P53: 394.95271 | Q53: 4269754.8 | R53: 4.581818 | S53: 49533.118 | T53: 1564438.2 | U53: 44226 | V53: 0.975 | W53: SB-12 | X53: Strainer | Y53: Table, kitchen or other household articles of iron or steel | Z53: Steel Household Articles | AA53: Strainer | AB53: =IF(INPUT_RAW!B53="","",YEAR(INPUT_RAW!B53)) -> 2025 | AC53: =IF(OR(INPUT_RAW!Q53="",INPUT_RAW!T53=""),"",INPUT_RAW!Q53+INPUT_RAW!T53) -> 5834193 | AD53: =IF(INPUT_RAW!Q53="","",IF(INPUT_RAW!Q53=0,0,INPUT_RAW!T53/INPUT_RAW!Q53)) -> 0.36640001
A54: INNSA1 | B54: 2025-07-02 | C54: 301049751 | D54: 73231000 | E54: STEEL SCRUBBER 6PCS SET (OKS-4156) (QTY:98,400 PCS/USD:0.228PER PCS)STEEL SCRUBBER 6PCS SET (OKS-4156) (QTY:98,400 PCS/USD:0.228 | N54: 9151 | O54: KGS | P54: 237.42368 | Q54: 2172664.1 | R54: 2.7087699 | S54: 24787.953 | T54: 955103.1 | U54: 98400 | V54: 0.228 | W54: STEEL | X54: Scrubber | Y54: Stainless steel scouring pads and similar | Z54: Cleaning Supplies | AA54: Scrubber | AB54: =IF(INPUT_RAW!B54="","",YEAR(INPUT_RAW!B54)) -> 2025 | AC54: =IF(OR(INPUT_RAW!Q54="",INPUT_RAW!T54=""),"",INPUT_RAW!Q54+INPUT_RAW!T54) -> 3127767.2 | AD54: =IF(INPUT_RAW!Q54="","",IF(INPUT_RAW!Q54=0,0,INPUT_RAW!T54/INPUT_RAW!Q54)) -> 0.43959999
A55: INNSA1 | B55: 2025-06-28 | C55: 301049751 | D55: 73231000 | E55: STEEL SCRUBBER 2PCS SET (8001-2) (QTY: 168000 SET/USD 0.142PER SET)STEEL SCRUBBER 2PCS SET (8001-2) (QTY: 168000 SET/USD 0.142 | N55: 4900 | O55: KGS | P55: 468.8191 | Q55: 2297213.6 | R55: 5.3487633 | S55: 26208.94 | T55: 1009855.1 | U55: 168000 | V55: 0.142 | W55: STEEL | X55: Scrubber | Y55: Stainless steel scouring pads and similar | Z55: Cleaning Supplies | AA55: Scrubber | AB55: =IF(INPUT_RAW!B55="","",YEAR(INPUT_RAW!B55)) -> 2025 | AC55: =IF(OR(INPUT_RAW!Q55="",INPUT_RAW!T55=""),"",INPUT_RAW!Q55+INPUT_RAW!T55) -> 3307068.7 | AD55: =IF(INPUT_RAW!Q55="","",IF(INPUT_RAW!Q55=0,0,INPUT_RAW!T55/INPUT_RAW!Q55)) -> 0.4396
A56: INNSA1 | B56: 2025-06-27 | C56: 301049751 | D56: 73239990 | E56: MILD STEEL MULTI FUNCTION CLOTH STAND (RYX-02-020) (QTY: 1232 PCS/CNY 101 PER PCS)MILD STEEL MULTI FUNCTION CLOTH STAND (RYX-02-020) (QTY: 123 | N56: 4004 | O56: KGS | P56: 431.54729 | Q56: 1727915.3 | R56: 4.9235286 | S56: 19713.809 | T56: 633108.2 | U56: 1232 | W56: MILD | X56: Stand | Y56: Table, kitchen or other household articles of iron or steel | Z56: Steel Household Articles | AA56: Stand | AB56: =IF(INPUT_RAW!B56="","",YEAR(INPUT_RAW!B56)) -> 2025 | AC56: =IF(OR(INPUT_RAW!Q56="",INPUT_RAW!T56=""),"",INPUT_RAW!Q56+INPUT_RAW!T56) -> 2361023.5 | AD56: =IF(INPUT_RAW!Q56="","",IF(INPUT_RAW!Q56=0,0,INPUT_RAW!T56/INPUT_RAW!Q56)) -> 0.36640001
A57: INNSA1 | B57: 2025-06-25 | C57: 301049751 | D57: 73239990 | E57: STEEL SPRINKLER (AM-430) (QTY:528 PCS/USD:0.5776 PER PCS) STEEL SPRINKLER (AM-430) (QTY:528 PCS/USD:0.5776 PER PCS) | N57: 96.8 | O57: KGS | P57: 317.73926 | Q57: 30757.16 | R57: 3.6250913 | S57: 350.90884 | T57: 11269.4 | U57: 528 | V57: 0.5776 | W57: STEEL | Y57: Table, kitchen or other household articles of iron or steel | Z57: Steel Household Articles | AA57: Household Article | AB57: =IF(INPUT_RAW!B57="","",YEAR(INPUT_RAW!B57)) -> 2025 | AC57: =IF(OR(INPUT_RAW!Q57="",INPUT_RAW!T57=""),"",INPUT_RAW!Q57+INPUT_RAW!T57) -> 42026.56 | AD57: =IF(INPUT_RAW!Q57="","",IF(INPUT_RAW!Q57=0,0,INPUT_RAW!T57/INPUT_RAW!Q57)) -> 0.36639924
A58: INNSA1 | B58: 2025-06-25 | C58: 301049751 | D58: 73239990 | E58: STEEL CUTLERY HOLDER (H2740) (QTY:24960 NOS/USD:1.55 PER PCS)STEEL CUTLERY HOLDER (H2740) (QTY:24960 NOS/USD:1.55 PER PCS | N58: 9776 | O58: KGS | P58: 367.98287 | Q58: 3597400.6 | R58: 4.1983214 | S58: 41042.79 | T58: 1318087.6 | U58: 24960 | V58: 1.55 | W58: STEEL | X58: Holder | Y58: Table, kitchen or other household articles of iron or steel | Z58: Steel Household Articles | AA58: Holder | AB58: =IF(INPUT_RAW!B58="","",YEAR(INPUT_RAW!B58)) -> 2025 | AC58: =IF(OR(INPUT_RAW!Q58="",INPUT_RAW!T58=""),"",INPUT_RAW!Q58+INPUT_RAW!T58) -> 4915488.2 | AD58: =IF(INPUT_RAW!Q58="","",IF(INPUT_RAW!Q58=0,0,INPUT_RAW!T58/INPUT_RAW!Q58)) -> 0.36640001
A59: INNSA1 | B59: 2025-06-23 | C59: 301049751 | D59: 73239990 | E59: STEEL SPRINKLER (AM-430) (QTY: 76968 PCS/USD 0.578 PER PCS) STEEL SPRINKLER (AM-430) (QTY: 76968 PCS/USD 0.578 PER PCS) | N59: 14110.8 | O59: KGS | P59: 297.68058 | Q59: 4200511.1 | R59: 3.3962416 | S59: 47923.686 | T59: 1539067.2 | U59: 76968 | V59: 0.578 | W59: STEEL | Y59: Table, kitchen or other household articles of iron or steel | Z59: Steel Household Articles | AA59: Household Article | AB59: =IF(INPUT_RAW!B59="","",YEAR(INPUT_RAW!B59)) -> 2025 | AC59: =IF(OR(INPUT_RAW!Q59="",INPUT_RAW!T59=""),"",INPUT_RAW!Q59+INPUT_RAW!T59) -> 5739578.3 | AD59: =IF(INPUT_RAW!Q59="","",IF(INPUT_RAW!Q59=0,0,INPUT_RAW!T59/INPUT_RAW!Q59)) -> 0.36639998
A60: INNSA1 | B60: 2025-06-23 | C60: 301049751 | D60: 73239990 | E60: STEEL SALT BOTTLE (NP-19) (QTY: 44100 PCS/USD 0.445 PER PCS) STEEL SALT BOTTLE (NP-19) (QTY: 44100 PCS/USD 0.445 PER PCS) | N60: 6860 | O60: KGS | P60: 270.1087 | Q60: 1852945.7 | R60: 3.0816737 | S60: 21140.282 | T60: 678919.3 | U60: 44100 | V60: 0.445 | W60: STEEL | X60: Bottle | Y60: Table, kitchen or other household articles of iron or steel | Z60: Steel Household Articles | AA60: Bottle | AB60: =IF(INPUT_RAW!B60="","",YEAR(INPUT_RAW!B60)) -> 2025 | AC60: =IF(OR(INPUT_RAW!Q60="",INPUT_RAW!T60=""),"",INPUT_RAW!Q60+INPUT_RAW!T60) -> 2531865 | AD60: =IF(INPUT_RAW!Q60="","",IF(INPUT_RAW!Q60=0,0,INPUT_RAW!T60/INPUT_RAW!Q60)) -> 0.3664
A61: INNSA1 | B61: 2025-06-10 | C61: 301049751 | D61: 73231000 | E61: STEEL SCRUBBER 2PCS SET (8001-2) (QTY: 168000 SET/USD 0.142PER SET)STEEL SCRUBBER 2PCS SET (8001-2) (QTY: 168000 SET/USD 0.142 | N61: 4900 | O61: KGS | P61: 459.57667 | Q61: 2251925.7 | R61: 5.2977137 | S61: 25958.797 | T61: 989946.5 | U61: 168000 | V61: 0.142 | W61: STEEL | X61: Scrubber | Y61: Stainless steel scouring pads and similar | Z61: Cleaning Supplies | AA61: Scrubber | AB61: =IF(INPUT_RAW!B61="","",YEAR(INPUT_RAW!B61)) -> 2025 | AC61: =IF(OR(INPUT_RAW!Q61="",INPUT_RAW!T61=""),"",INPUT_RAW!Q61+INPUT_RAW!T61) -> 3241872.2 | AD61: =IF(INPUT_RAW!Q61="","",IF(INPUT_RAW!Q61=0,0,INPUT_RAW!T61/INPUT_RAW!Q61)) -> 0.43959999
A62: INNSA1 | B62: 2025-06-05 | C62: 301049751 | D62: 73239990 | E62: STEEL TEA STRAINER BIG (SB-12) (QTY:12600 PCS/USD:0.986 PERPCS)STEEL TEA STRAINER BIG (SB-12) (QTY:12600 PCS/USD:0.986 PER | N62: 3080 | O62: KGS | P62: 372.736 | Q62: 1148026.9 | R62: 4.3140741 | S62: 13287.348 | T62: 420637 | U62: 12600 | V62: 0.986 | W62: STEEL | X62: Strainer | Y62: Table, kitchen or other household articles of iron or steel | Z62: Steel Household Articles | AA62: Strainer | AB62: =IF(INPUT_RAW!B62="","",YEAR(INPUT_RAW!B62)) -> 2025 | AC62: =IF(OR(INPUT_RAW!Q62="",INPUT_RAW!T62=""),"",INPUT_RAW!Q62+INPUT_RAW!T62) -> 1568663.9 | AD62: =IF(INPUT_RAW!Q62="","",IF(INPUT_RAW!Q62=0,0,INPUT_RAW!T62/INPUT_RAW!Q62)) -> 0.36639995
A63: INNSA1 | B63: 2025-06-05 | C63: 301049751 | D63: 73239990 | E63: STEEL DRAINER (AM-321) (QTY:50,856 PCS/USD:0.712 PER PCS) STEEL DRAINER (AM-321) (QTY:50,856 PCS/USD:0.712 PER PCS) | N63: 6357 | O63: KGS | P63: 526.34999 | Q63: 3346006.9 | R63: 6.0920138 | S63: 38726.932 | T63: 1225976.9 | U63: 50856 | V63: 0.712 | W63: STEEL | Y63: Table, kitchen or other household articles of iron or steel | Z63: Steel Household Articles | AA63: Household Article | AB63: =IF(INPUT_RAW!B63="","",YEAR(INPUT_RAW!B63)) -> 2025 | AC63: =IF(OR(INPUT_RAW!Q63="",INPUT_RAW!T63=""),"",INPUT_RAW!Q63+INPUT_RAW!T63) -> 4571983.8 | AD63: =IF(INPUT_RAW!Q63="","",IF(INPUT_RAW!Q63=0,0,INPUT_RAW!T63/INPUT_RAW!Q63)) -> 0.36639999
A64: INNSA1 | B64: 2025-06-05 | C64: 301049751 | D64: 73239990 | E64: HOUSEHOLD STEEL HOOK 3PCS SET (2628) (QTY:1332 PKT/USD:0.370PER PKT)HOUSEHOLD STEEL HOOK 3PCS SET (2628) (QTY:1332 PKT/USD:0.370 | N64: 45.14 | O64: KGS | P64: 985.6595 | Q64: 44492.67 | R64: 11.408096 | S64: 514.96146 | T64: 16302.1 | U64: 1332 | V64: 0.37 | W64: HOUSEHOLD | X64: Hook | Y64: Table, kitchen or other household articles of iron or steel | Z64: Steel Household Articles | AA64: Hook | AB64: =IF(INPUT_RAW!B64="","",YEAR(INPUT_RAW!B64)) -> 2025 | AC64: =IF(OR(INPUT_RAW!Q64="",INPUT_RAW!T64=""),"",INPUT_RAW!Q64+INPUT_RAW!T64) -> 60794.77 | AD64: =IF(INPUT_RAW!Q64="","",IF(INPUT_RAW!Q64=0,0,INPUT_RAW!T64/INPUT_RAW!Q64)) -> 0.36639968
A65: INNSA1 | B65: 2025-06-05 | C65: 301049751 | D65: 73239990 | E65: STEEL TEA STRAINER (NP-55) (QTY:50400 PCS/USD:0.277 PER PCS) STEEL TEA STRAINER (NP-55) (QTY:50400 PCS/USD:0.277 PER PCS) | N65: 2310 | O65: KGS | P65: 558.47397 | Q65: 1290074.9 | R65: 6.4638191 | S65: 14931.422 | T65: 472683.5 | U65: 50400 | V65: 0.277 | W65: STEEL | X65: Strainer | Y65: Table, kitchen or other household articles of iron or steel | Z65: Steel Household Articles | AA65: Strainer | AB65: =IF(INPUT_RAW!B65="","",YEAR(INPUT_RAW!B65)) -> 2025 | AC65: =IF(OR(INPUT_RAW!Q65="",INPUT_RAW!T65=""),"",INPUT_RAW!Q65+INPUT_RAW!T65) -> 1762758.4 | AD65: =IF(INPUT_RAW!Q65="","",IF(INPUT_RAW!Q65=0,0,INPUT_RAW!T65/INPUT_RAW!Q65)) -> 0.36640005
A66: INNSA1 | B66: 2025-06-03 | C66: 301049751 | D66: 73231000 | E66: STEEL SCRUBBER 6PCS SET (OKS-4156) (QTY:98400 PCS/USD:0.238PER PCS)STEEL SCRUBBER 6PCS SET (OKS-4156) (QTY:98400 PCS/USD:0.238 | N66: 8856 | O66: KGS | P66: 238.02063 | Q66: 2107910.7 | R66: 2.7548684 | S66: 24397.114 | T66: 926637.5 | U66: 98400 | V66: 0.238 | W66: STEEL | X66: Scrubber | Y66: Stainless steel scouring pads and similar | Z66: Cleaning Supplies | AA66: Scrubber | AB66: =IF(INPUT_RAW!B66="","",YEAR(INPUT_RAW!B66)) -> 2025 | AC66: =IF(OR(INPUT_RAW!Q66="",INPUT_RAW!T66=""),"",INPUT_RAW!Q66+INPUT_RAW!T66) -> 3034548.2 | AD66: =IF(INPUT_RAW!Q66="","",IF(INPUT_RAW!Q66=0,0,INPUT_RAW!T66/INPUT_RAW!Q66)) -> 0.43959998
A67: INNSA1 | B67: 2025-05-27 | C67: 301049751 | D67: 73239990 | E67: MILD STEEL MULTI FUNCTION CLOTH STAND (RYX-02-020) (QTY: 2464 NOS/USD 101 PER CNY)MILD STEEL MULTI FUNCTION CLOTH STAND (RYX-02-020) (QTY: 246 | N67: 8008 | O67: KGS | P67: 401.97127 | Q67: 3218986 | R67: 4.6524453 | S67: 37256.782 | T67: 1179436.5 | U67: 2464 | V67: 101 | W67: MILD | X67: Stand | Y67: Table, kitchen or other household articles of iron or steel | Z67: Steel Household Articles | AA67: Stand | AB67: =IF(INPUT_RAW!B67="","",YEAR(INPUT_RAW!B67)) -> 2025 | AC67: =IF(OR(INPUT_RAW!Q67="",INPUT_RAW!T67=""),"",INPUT_RAW!Q67+INPUT_RAW!T67) -> 4398422.5 | AD67: =IF(INPUT_RAW!Q67="","",IF(INPUT_RAW!Q67=0,0,INPUT_RAW!T67/INPUT_RAW!Q67)) -> 0.36640001
A68: INNSA1 | B68: 2025-05-26 | C68: 301049751 | D68: 73239990 | E68: MILD STEEL MULTI FUNCTION CLOTH STAND (RYX-02-026-3S) (QTY:848 NOS/CNY 81.50 PER NOS)MILD STEEL MULTI FUNCTION CLOTH STAND (RYX-02-026-3S) (QTY: | N68: 3307.2 | O68: KGS | P68: 284.23996 | Q68: 940038.38 | R68: 3.2898143 | S68: 10880.074 | T68: 344430.1 | U68: 848 | W68: MILD | X68: Stand | Y68: Table, kitchen or other household articles of iron or steel | Z68: Steel Household Articles | AA68: Stand | AB68: =IF(INPUT_RAW!B68="","",YEAR(INPUT_RAW!B68)) -> 2025 | AC68: =IF(OR(INPUT_RAW!Q68="",INPUT_RAW!T68=""),"",INPUT_RAW!Q68+INPUT_RAW!T68) -> 1284468.5 | AD68: =IF(INPUT_RAW!Q68="","",IF(INPUT_RAW!Q68=0,0,INPUT_RAW!T68/INPUT_RAW!Q68)) -> 0.36640004
A69: INNSA1 | B69: 2025-05-23 | C69: 301049751 | D69: 73239990 | E69: STEEL SALT BOTTLE (NP-19) (QTY: 21924 PCS/USD 0.442 PER PCS) STEEL SALT BOTTLE (NP-19) (QTY: 21924 PCS/USD 0.442 PER PCS) | N69: 3349.5 | O69: KGS | P69: 265.27494 | Q69: 888538.42 | R69: 3.0703118 | S69: 10284.009 | T69: 325560.5 | U69: 21924 | V69: 0.442 | W69: STEEL | X69: Bottle | Y69: Table, kitchen or other household articles of iron or steel | Z69: Steel Household Articles | AA69: Bottle | AB69: =IF(INPUT_RAW!B69="","",YEAR(INPUT_RAW!B69)) -> 2025 | AC69: =IF(OR(INPUT_RAW!Q69="",INPUT_RAW!T69=""),"",INPUT_RAW!Q69+INPUT_RAW!T69) -> 1214098.9 | AD69: =IF(INPUT_RAW!Q69="","",IF(INPUT_RAW!Q69=0,0,INPUT_RAW!T69/INPUT_RAW!Q69)) -> 0.36640003
A70: INNSA1 | B70: 2025-05-23 | C70: 301049751 | D70: 73239990 | E70: STEEL TEA STRAINER BIG (SB-12) (QTY:12,600 PCS/USD:0.980 PERPCS)STEEL TEA STRAINER BIG (SB-12) (QTY:12,600 PCS/USD:0.980 PER | N70: 3080 | O70: KGS | P70: 362.21344 | Q70: 1115617.4 | R70: 4.1922852 | S70: 12912.239 | T70: 408762.2 | U70: 12600 | V70: 0.98 | W70: STEEL | X70: Strainer | Y70: Table, kitchen or other household articles of iron or steel | Z70: Steel Household Articles | AA70: Strainer | AB70: =IF(INPUT_RAW!B70="","",YEAR(INPUT_RAW!B70)) -> 2025 | AC70: =IF(OR(INPUT_RAW!Q70="",INPUT_RAW!T70=""),"",INPUT_RAW!Q70+INPUT_RAW!T70) -> 1524379.6 | AD70: =IF(INPUT_RAW!Q70="","",IF(INPUT_RAW!Q70=0,0,INPUT_RAW!T70/INPUT_RAW!Q70)) -> 0.36639998
A71: INNSA1 | B71: 2025-05-23 | C71: 301049751 | D71: 73239990 | E71: STEEL DRAINER (AM-321) (QTY:49,944 PCS/USD:0.708 PER PCS) STEEL DRAINER (AM-321) (QTY:49,944 PCS/USD:0.708 PER PCS) | N71: 6243 | O71: KGS | P71: 511.7312 | Q71: 3194737.9 | R71: 5.9228148 | S71: 36976.133 | T71: 1170552 | U71: 49944 | V71: 0.708 | W71: STEEL | Y71: Table, kitchen or other household articles of iron or steel | Z71: Steel Household Articles | AA71: Household Article | AB71: =IF(INPUT_RAW!B71="","",YEAR(INPUT_RAW!B71)) -> 2025 | AC71: =IF(OR(INPUT_RAW!Q71="",INPUT_RAW!T71=""),"",INPUT_RAW!Q71+INPUT_RAW!T71) -> 4365289.9 | AD71: =IF(INPUT_RAW!Q71="","",IF(INPUT_RAW!Q71=0,0,INPUT_RAW!T71/INPUT_RAW!Q71)) -> 0.36640001
A72: INNSA1 | B72: 2025-05-23 | C72: 301049751 | D72: 73239990 | E72: STEEL TEA STRAINER (NP-55) (QTY:50,400 PCS/USD:0.275 PER PCS)STEEL TEA STRAINER (NP-55) (QTY:50,400 PCS/USD:0.275 PER PCS | N72: 2310 | O72: KGS | P72: 542.08813 | Q72: 1252223.6 | R72: 6.2741682 | S72: 14493.329 | T72: 458814.7 | U72: 50400 | V72: 0.275 | W72: STEEL | X72: Strainer | Y72: Table, kitchen or other household articles of iron or steel | Z72: Steel Household Articles | AA72: Strainer | AB72: =IF(INPUT_RAW!B72="","",YEAR(INPUT_RAW!B72)) -> 2025 | AC72: =IF(OR(INPUT_RAW!Q72="",INPUT_RAW!T72=""),"",INPUT_RAW!Q72+INPUT_RAW!T72) -> 1711038.3 | AD72: =IF(INPUT_RAW!Q72="","",IF(INPUT_RAW!Q72=0,0,INPUT_RAW!T72/INPUT_RAW!Q72)) -> 0.36639998
A73: INNSA1 | B73: 2025-05-20 | C73: 301049751 | D73: 73231000 | E73: STEEL SCRUBBER (8001-12) (QTY:276048 PCS/USD:0.08 PER PCS) STEEL SCRUBBER (8001-12) (QTY:276048 PCS/USD:0.08 PER PCS) | N73: 4795 | O73: KGS | P73: 412.83818 | Q73: 1979559.1 | R73: 4.7782196 | S73: 22911.563 | T73: 870214.2 | U73: 276048 | V73: 0.08 | W73: STEEL | X73: Scrubber | Y73: Stainless steel scouring pads and similar | Z73: Cleaning Supplies | AA73: Scrubber | AB73: =IF(INPUT_RAW!B73="","",YEAR(INPUT_RAW!B73)) -> 2025 | AC73: =IF(OR(INPUT_RAW!Q73="",INPUT_RAW!T73=""),"",INPUT_RAW!Q73+INPUT_RAW!T73) -> 2849773.3 | AD73: =IF(INPUT_RAW!Q73="","",IF(INPUT_RAW!Q73=0,0,INPUT_RAW!T73/INPUT_RAW!Q73)) -> 0.43960002
A74: INNSA1 | B74: 2025-05-20 | C74: 301049751 | D74: 73231000 | E74: STEEL SCRUBBER 2PCS SET (8001-2) (QTY: 168000 SET/USD 0.142PER SET)STEEL SCRUBBER 2PCS SET (8001-2) (QTY: 168000 SET/USD 0.142 | N74: 4900 | O74: KGS | P74: 435.24339 | Q74: 2132692.6 | R74: 5.0375392 | S74: 24683.942 | T74: 937531.7 | U74: 168000 | V74: 0.142 | W74: STEEL | X74: Scrubber | Y74: Stainless steel scouring pads and similar | Z74: Cleaning Supplies | AA74: Scrubber | AB74: =IF(INPUT_RAW!B74="","",YEAR(INPUT_RAW!B74)) -> 2025 | AC74: =IF(OR(INPUT_RAW!Q74="",INPUT_RAW!T74=""),"",INPUT_RAW!Q74+INPUT_RAW!T74) -> 3070224.3 | AD74: =IF(INPUT_RAW!Q74="","",IF(INPUT_RAW!Q74=0,0,INPUT_RAW!T74/INPUT_RAW!Q74)) -> 0.43960002
A75: INNSA1 | B75: 2025-05-12 | C75: 301049751 | D75: 73239990 | E75: STEEL SPRINKLER (AM-430) (QTY: 21600 PC/USD 0.571 PER PC ) STEEL SPRINKLER (AM-430) (QTY: 21600 PC/USD 0.571 PER PC ) | N75: 3960 | O75: KGS | P75: 285.98876 | Q75: 1132515.5 | R75: 3.3429428 | S75: 13238.053 | T75: 414953.7 | U75: 21600 | V75: 0.571 | W75: STEEL | Y75: Table, kitchen or other household articles of iron or steel | Z75: Steel Household Articles | AA75: Household Article | AB75: =IF(INPUT_RAW!B75="","",YEAR(INPUT_RAW!B75)) -> 2025 | AC75: =IF(OR(INPUT_RAW!Q75="",INPUT_RAW!T75=""),"",INPUT_RAW!Q75+INPUT_RAW!T75) -> 1547469.2 | AD75: =IF(INPUT_RAW!Q75="","",IF(INPUT_RAW!Q75=0,0,INPUT_RAW!T75/INPUT_RAW!Q75)) -> 0.36640003
A76: INNSA1 | B76: 2025-05-12 | C76: 301049751 | D76: 73231000 | E76: STEEL SCRUBBER 6PCS SET (OKS-4156) (QTY: 94800 SET/USD 0.23PER SET)STEEL SCRUBBER 6PCS SET (OKS-4156) (QTY: 94800 SET/USD 0.23 | N76: 7708.8 | O76: KGS | P76: 251.8633 | Q76: 1941563.8 | R76: 2.944048 | S76: 22695.077 | T76: 853511.5 | U76: 94800 | V76: 0.23 | W76: STEEL | X76: Scrubber | Y76: Stainless steel scouring pads and similar | Z76: Cleaning Supplies | AA76: Scrubber | AB76: =IF(INPUT_RAW!B76="","",YEAR(INPUT_RAW!B76)) -> 2025 | AC76: =IF(OR(INPUT_RAW!Q76="",INPUT_RAW!T76=""),"",INPUT_RAW!Q76+INPUT_RAW!T76) -> 2795075.3 | AD76: =IF(INPUT_RAW!Q76="","",IF(INPUT_RAW!Q76=0,0,INPUT_RAW!T76/INPUT_RAW!Q76)) -> 0.43960002
A77: INNSA1 | B77: 2025-05-09 | C77: 301049751 | D77: 73231000 | E77: SS SCRUBBER 3PCS SET (SS410) (QTY:120720 SETS/USD:0.16 PER SET)SS SCRUBBER 3PCS SET (SS410) (QTY:120720 SETS/USD:0.16 PER S | N77: 7545 | O77: KGS | P77: 235.76 | Q77: 1778809.2 | R77: 2.7558153 | S77: 20792.627 | T77: 781964.5 | U77: 120720 | V77: 0.16 | W77: SCRUBBER | X77: Scrubber | Y77: Stainless steel scouring pads and similar | Z77: Cleaning Supplies | AA77: Scrubber | AB77: =IF(INPUT_RAW!B77="","",YEAR(INPUT_RAW!B77)) -> 2025 | AC77: =IF(OR(INPUT_RAW!Q77="",INPUT_RAW!T77=""),"",INPUT_RAW!Q77+INPUT_RAW!T77) -> 2560773.7 | AD77: =IF(INPUT_RAW!Q77="","",IF(INPUT_RAW!Q77=0,0,INPUT_RAW!T77/INPUT_RAW!Q77)) -> 0.43959998
A78: INNSA1 | B78: 2025-05-06 | C78: 301049751 | D78: 73239990 | E78: STEEL SPRINKLER (AM-430) (QTY: 19200 PCS/USD 0.5680 PER PCS) STEEL SPRINKLER (AM-430) (QTY: 19200 PCS/USD 0.5680 PER PCS) | N78: 3200 | O78: KGS | P78: 311.87053 | Q78: 997985.71 | R78: 3.6454767 | S78: 11665.526 | T78: 365661.9 | U78: 19200 | V78: 0.568 | W78: STEEL | Y78: Table, kitchen or other household articles of iron or steel | Z78: Steel Household Articles | AA78: Household Article | AB78: =IF(INPUT_RAW!B78="","",YEAR(INPUT_RAW!B78)) -> 2025 | AC78: =IF(OR(INPUT_RAW!Q78="",INPUT_RAW!T78=""),"",INPUT_RAW!Q78+INPUT_RAW!T78) -> 1363647.6 | AD78: =IF(INPUT_RAW!Q78="","",IF(INPUT_RAW!Q78=0,0,INPUT_RAW!T78/INPUT_RAW!Q78)) -> 0.36639994
A79: INNSA1 | B79: 2025-05-06 | C79: 301049751 | D79: 73231000 | E79: STEEL SCRUBBER 2PCS SET (8001-2) (QTY: 168000 SET/USD 0.142PER SET)STEEL SCRUBBER 2PCS SET (8001-2) (QTY: 168000 SET/USD 0.142 | N79: 4900 | O79: KGS | P79: 432.70832 | Q79: 2120270.8 | R79: 5.0579581 | S79: 24783.995 | T79: 932071.1 | U79: 168000 | V79: 0.142 | W79: STEEL | X79: Scrubber | Y79: Stainless steel scouring pads and similar | Z79: Cleaning Supplies | AA79: Scrubber | AB79: =IF(INPUT_RAW!B79="","",YEAR(INPUT_RAW!B79)) -> 2025 | AC79: =IF(OR(INPUT_RAW!Q79="",INPUT_RAW!T79=""),"",INPUT_RAW!Q79+INPUT_RAW!T79) -> 3052341.9 | AD79: =IF(INPUT_RAW!Q79="","",IF(INPUT_RAW!Q79=0,0,INPUT_RAW!T79/INPUT_RAW!Q79)) -> 0.43960004
A80: INNSA1 | B80: 2025-05-06 | C80: 301049751 | D80: 73239990 | E80: STEEL SALT BOTTLE (NP-19) (QTY:28152 PCS/USD 0.4370 PER PCS) STEEL SALT BOTTLE (NP-19) (QTY:28152 PCS/USD 0.4370 PER PCS) | N80: 4379.2 | O80: KGS | P80: 257.08125 | Q80: 1125810.2 | R80: 3.0050409 | S80: 13159.675 | T80: 412496.8 | U80: 28152 | V80: 0.437 | W80: STEEL | X80: Bottle | Y80: Table, kitchen or other household articles of iron or steel | Z80: Steel Household Articles | AA80: Bottle | AB80: =IF(INPUT_RAW!B80="","",YEAR(INPUT_RAW!B80)) -> 2025 | AC80: =IF(OR(INPUT_RAW!Q80="",INPUT_RAW!T80=""),"",INPUT_RAW!Q80+INPUT_RAW!T80) -> 1538307 | AD80: =IF(INPUT_RAW!Q80="","",IF(INPUT_RAW!Q80=0,0,INPUT_RAW!T80/INPUT_RAW!Q80)) -> 0.36639995
A81: INNSA1 | B81: 2025-05-05 | C81: 301049751 | D81: 73239990 | E81: HOUSEHOLD STEEL HOOK 3PCS SET (2628) (QTY: 167940 SET/USD 0.37 PER SET)HOUSEHOLD STEEL HOOK 3PCS SET (2628) (QTY: 167940 SET/USD 0. | N81: 5691.3 | O81: KGS | P81: 947.90806 | Q81: 5394829.1 | R81: 11.080164 | S81: 63060.539 | T81: 1976665.4 | U81: 167940 | V81: 0.37 | W81: HOUSEHOLD | X81: Hook | Y81: Table, kitchen or other household articles of iron or steel | Z81: Steel Household Articles | AA81: Hook | AB81: =IF(INPUT_RAW!B81="","",YEAR(INPUT_RAW!B81)) -> 2025 | AC81: =IF(OR(INPUT_RAW!Q81="",INPUT_RAW!T81=""),"",INPUT_RAW!Q81+INPUT_RAW!T81) -> 7371494.5 | AD81: =IF(INPUT_RAW!Q81="","",IF(INPUT_RAW!Q81=0,0,INPUT_RAW!T81/INPUT_RAW!Q81)) -> 0.3664
A82: INNSA1 | B82: 2025-05-04 | C82: 301049751 | D82: 73239990 | E82: STEEL BASKET BIG (SY-845-4) (QTY: 5232 PC/USD 1.004 PER PC) STEEL BASKET BIG (SY-845-4) (QTY: 5232 PC/USD 1.004 PER PC) | N82: 981 | O82: KGS | P82: 485.03127 | Q82: 475815.68 | R82: 5.6695649 | S82: 5561.8431 | T82: 174338.8 | U82: 5232 | V82: 1.004 | W82: STEEL | X82: Basket | Y82: Table, kitchen or other household articles of iron or steel | Z82: Steel Household Articles | AA82: Basket | AB82: =IF(INPUT_RAW!B82="","",YEAR(INPUT_RAW!B82)) -> 2025 | AC82: =IF(OR(INPUT_RAW!Q82="",INPUT_RAW!T82=""),"",INPUT_RAW!Q82+INPUT_RAW!T82) -> 650154.48 | AD82: =IF(INPUT_RAW!Q82="","",IF(INPUT_RAW!Q82=0,0,INPUT_RAW!T82/INPUT_RAW!Q82)) -> 0.36639986
A83: INNSA1 | B83: 2025-05-01 | C83: 301049751 | D83: 73239990 | E83: SY-845-7 STEEL BASKET ROUND (QTY 50400 PCS/USD 0.5371 PER PCS)SY-845-7 STEEL BASKET ROUND (QTY 50400 PCS/USD 0.5371 PER PC | N83: 5880 | O83: KGS | P83: 426.13333 | Q83: 2505664 | R83: 4.9320987 | S83: 29000.741 | T83: 918075.3 | U83: 50400 | V83: 0.5371 | W83: SY-845-7 | X83: Basket | Y83: Table, kitchen or other household articles of iron or steel | Z83: Steel Household Articles | AA83: Basket | AB83: =IF(INPUT_RAW!B83="","",YEAR(INPUT_RAW!B83)) -> 2025 | AC83: =IF(OR(INPUT_RAW!Q83="",INPUT_RAW!T83=""),"",INPUT_RAW!Q83+INPUT_RAW!T83) -> 3423739.3 | AD83: =IF(INPUT_RAW!Q83="","",IF(INPUT_RAW!Q83=0,0,INPUT_RAW!T83/INPUT_RAW!Q83)) -> 0.36640001
A84: INNSA1 | B84: 2025-05-01 | C84: 301049751 | D84: 73239990 | E84: SY-845-4 STEEL BASKET BIG (QTY 14768 PCS/USD 1.0055 PER PCS) SY-845-4 STEEL BASKET BIG (QTY 14768 PCS/USD 1.0055 PER PCS) | N84: 2769 | O84: KGS | P84: 496.38407 | Q84: 1374487.5 | R84: 5.745186 | S84: 15908.42 | T84: 503612.2 | U84: 14768 | V84: 1.0055 | W84: SY-845-4 | X84: Basket | Y84: Table, kitchen or other household articles of iron or steel | Z84: Steel Household Articles | AA84: Basket | AB84: =IF(INPUT_RAW!B84="","",YEAR(INPUT_RAW!B84)) -> 2025 | AC84: =IF(OR(INPUT_RAW!Q84="",INPUT_RAW!T84=""),"",INPUT_RAW!Q84+INPUT_RAW!T84) -> 1878099.7 | AD84: =IF(INPUT_RAW!Q84="","",IF(INPUT_RAW!Q84=0,0,INPUT_RAW!T84/INPUT_RAW!Q84)) -> 0.36639999
A85: INNSA1 | B85: 2025-04-26 | C85: 301049751 | D85: 73239990 | E85: RYX-02-026-3S MILD STEEL MULTI FUNCTION CLOTH STAND (QTY :848 NUM/CNY 81.50 PER NUM)RYX-02-026-3S MILD STEEL MULTI FUNCTION CLOTH STAND (QTY :84 | N85: 3307.2 | O85: KGS | P85: 272.32768 | Q85: 900642.1 | R85: 3.1519407 | S85: 10424.098 | T85: 329995.2 | U85: 848 | W85: RYX-02-026-3S | X85: Stand | Y85: Table, kitchen or other household articles of iron or steel | Z85: Steel Household Articles | AA85: Stand | AB85: =IF(INPUT_RAW!B85="","",YEAR(INPUT_RAW!B85)) -> 2025 | AC85: =IF(OR(INPUT_RAW!Q85="",INPUT_RAW!T85=""),"",INPUT_RAW!Q85+INPUT_RAW!T85) -> 1230637.3 | AD85: =IF(INPUT_RAW!Q85="","",IF(INPUT_RAW!Q85=0,0,INPUT_RAW!T85/INPUT_RAW!Q85)) -> 0.36639993
A86: INNSA1 | B86: 2025-04-22 | C86: 301049751 | D86: 73239990 | E86: MILD STEEL MULTI FUNCTION CLOTH STAND (RYX-02-020) (QTY: 2464 PCS/CNY 101 PER PCS)MILD STEEL MULTI FUNCTION CLOTH STAND (RYX-02-020) (QTY: 246 | N86: 8008 | O86: KGS | P86: 401.1503 | Q86: 3212411.6 | R86: 4.6429433 | S86: 37180.69 | T86: 1177027.6 | U86: 2464 | W86: MILD | X86: Stand | Y86: Table, kitchen or other household articles of iron or steel | Z86: Steel Household Articles | AA86: Stand | AB86: =IF(INPUT_RAW!B86="","",YEAR(INPUT_RAW!B86)) -> 2025 | AC86: =IF(OR(INPUT_RAW!Q86="",INPUT_RAW!T86=""),"",INPUT_RAW!Q86+INPUT_RAW!T86) -> 4389439.2 | AD86: =IF(INPUT_RAW!Q86="","",IF(INPUT_RAW!Q86=0,0,INPUT_RAW!T86/INPUT_RAW!Q86)) -> 0.3664
A87: INNSA1 | B87: 2025-04-22 | C87: 301049751 | D87: 73239990 | E87: HOUSEHOLD STEEL HOOK 3PCS SET (3888) (QTY:6240 PCS/USD:0.255PER PCS)HOUSEHOLD STEEL HOOK 3PCS SET (3888) (QTY:6240 PCS/USD:0.255 | N87: 214.5 | O87: KGS | P87: 694.29669 | Q87: 148926.64 | R87: 8.0358413 | S87: 1723.688 | T87: 54566.7 | U87: 6240 | V87: 0.255 | W87: HOUSEHOLD | X87: Hook | Y87: Table, kitchen or other household articles of iron or steel | Z87: Steel Household Articles | AA87: Hook | AB87: =IF(INPUT_RAW!B87="","",YEAR(INPUT_RAW!B87)) -> 2025 | AC87: =IF(OR(INPUT_RAW!Q87="",INPUT_RAW!T87=""),"",INPUT_RAW!Q87+INPUT_RAW!T87) -> 203493.34 | AD87: =IF(INPUT_RAW!Q87="","",IF(INPUT_RAW!Q87=0,0,INPUT_RAW!T87/INPUT_RAW!Q87)) -> 0.36639986
A88: INNSA1 | B88: 2025-04-21 | C88: 301049751 | D88: 73231000 | E88: STEEL SCRUBBER 2PCS SET (8001-2) (QTY:168000 SETS/USD:0.142PER PCS)STEEL SCRUBBER 2PCS SET (8001-2) (QTY:168000 SETS/USD:0.142 | N88: 4900 | O88: KGS | P88: 437.00728 | Q88: 2141335.7 | R88: 5.0579546 | S88: 24783.978 | T88: 941331.1 | U88: 168000 | V88: 0.142 | W88: STEEL | X88: Scrubber | Y88: Stainless steel scouring pads and similar | Z88: Cleaning Supplies | AA88: Scrubber | AB88: =IF(INPUT_RAW!B88="","",YEAR(INPUT_RAW!B88)) -> 2025 | AC88: =IF(OR(INPUT_RAW!Q88="",INPUT_RAW!T88=""),"",INPUT_RAW!Q88+INPUT_RAW!T88) -> 3082666.8 | AD88: =IF(INPUT_RAW!Q88="","",IF(INPUT_RAW!Q88=0,0,INPUT_RAW!T88/INPUT_RAW!Q88)) -> 0.43959997
A89: INNSA1 | B89: 2025-04-18 | C89: 301049751 | D89: 73239990 | E89: STEEL BASKET SMALL (SY-845-3) (QTY:8,260 PCS/USD:0.905 PER PCS)STEEL BASKET SMALL (SY-845-3) (QTY:8,260 PCS/USD:0.905 PER P | N89: 1239 | O89: KGS | P89: 551.81941 | Q89: 683704.25 | R89: 6.3867987 | S89: 7913.2436 | T89: 250509.2 | U89: 8260 | V89: 0.905 | W89: STEEL | X89: Basket | Y89: Table, kitchen or other household articles of iron or steel | Z89: Steel Household Articles | AA89: Basket | AB89: =IF(INPUT_RAW!B89="","",YEAR(INPUT_RAW!B89)) -> 2025 | AC89: =IF(OR(INPUT_RAW!Q89="",INPUT_RAW!T89=""),"",INPUT_RAW!Q89+INPUT_RAW!T89) -> 934213.45 | AD89: =IF(INPUT_RAW!Q89="","",IF(INPUT_RAW!Q89=0,0,INPUT_RAW!T89/INPUT_RAW!Q89)) -> 0.36639995
A90: INNSA1 | B90: 2025-04-18 | C90: 301049751 | D90: 73239990 | E90: STEEL FRUIT BASKET (SD1078-B) (QTY:20400 PCS/USD:0.844 PER PCS)STEEL FRUIT BASKET (SD1078-B) (QTY:20400 PCS/USD:0.844 PER P | N90: 3910 | O90: KGS | P90: 402.74996 | Q90: 1574752.4 | R90: 4.6614579 | S90: 18226.3 | T90: 576989.2 | U90: 20400 | V90: 0.844 | W90: STEEL | X90: Basket | Y90: Table, kitchen or other household articles of iron or steel | Z90: Steel Household Articles | AA90: Basket | AB90: =IF(INPUT_RAW!B90="","",YEAR(INPUT_RAW!B90)) -> 2025 | AC90: =IF(OR(INPUT_RAW!Q90="",INPUT_RAW!T90=""),"",INPUT_RAW!Q90+INPUT_RAW!T90) -> 2151741.5 | AD90: =IF(INPUT_RAW!Q90="","",IF(INPUT_RAW!Q90=0,0,INPUT_RAW!T90/INPUT_RAW!Q90)) -> 0.36639996
A91: INNSA1 | B91: 2025-04-15 | C91: 301049751 | D91: 73239990 | E91: STEEL BASKET BIG (SY845-4) (QTY: 20000 PCS/USD 1.036 PER PCS)STEEL BASKET BIG (SY845-4) (QTY: 20000 PCS/USD 1.036 PER PCS | N91: 3750 | O91: KGS | P91: 510.65972 | Q91: 1914973.9 | R91: 5.8967635 | S91: 22112.863 | T91: 701646.5 | U91: 20000 | V91: 1.036 | W91: STEEL | X91: Basket | Y91: Table, kitchen or other household articles of iron or steel | Z91: Steel Household Articles | AA91: Basket | AB91: =IF(INPUT_RAW!B91="","",YEAR(INPUT_RAW!B91)) -> 2025 | AC91: =IF(OR(INPUT_RAW!Q91="",INPUT_RAW!T91=""),"",INPUT_RAW!Q91+INPUT_RAW!T91) -> 2616620.4 | AD91: =IF(INPUT_RAW!Q91="","",IF(INPUT_RAW!Q91=0,0,INPUT_RAW!T91/INPUT_RAW!Q91)) -> 0.36640003
A92: INNSA1 | B92: 2025-04-15 | C92: 301049751 | D92: 73239990 | E92: STEEL BASKET SMALL (SY-845-3) (QTY: 11740 PCS/USD 0.905 PERPCS)STEEL BASKET SMALL (SY-845-3) (QTY: 11740 PCS/USD 0.905 PER | N92: 1761 | O92: KGS | P92: 557.60985 | Q92: 981950.95 | R92: 6.4389128 | S92: 11338.926 | T92: 359786.8 | U92: 11740 | V92: 0.905 | W92: STEEL | X92: Basket | Y92: Table, kitchen or other household articles of iron or steel | Z92: Steel Household Articles | AA92: Basket | AB92: =IF(INPUT_RAW!B92="","",YEAR(INPUT_RAW!B92)) -> 2025 | AC92: =IF(OR(INPUT_RAW!Q92="",INPUT_RAW!T92=""),"",INPUT_RAW!Q92+INPUT_RAW!T92) -> 1341737.8 | AD92: =IF(INPUT_RAW!Q92="","",IF(INPUT_RAW!Q92=0,0,INPUT_RAW!T92/INPUT_RAW!Q92)) -> 0.36639997
A93: INNSA1 | B93: 2025-04-15 | C93: 301049751 | D93: 73239990 | E93: STEEL BASKET SQUARE (SY-845-6) (QTY: 20000 PCS/USD 0.741 PERPCS)STEEL BASKET SQUARE (SY-845-6) (QTY: 20000 PCS/USD 0.741 PER | N93: 3200 | O93: KGS | P93: 428.0272 | Q93: 1369687 | R93: 4.9425774 | S93: 15816.248 | T93: 501853.3 | U93: 20000 | V93: 0.741 | W93: STEEL | X93: Basket | Y93: Table, kitchen or other household articles of iron or steel | Z93: Steel Household Articles | AA93: Basket | AB93: =IF(INPUT_RAW!B93="","",YEAR(INPUT_RAW!B93)) -> 2025 | AC93: =IF(OR(INPUT_RAW!Q93="",INPUT_RAW!T93=""),"",INPUT_RAW!Q93+INPUT_RAW!T93) -> 1871540.3 | AD93: =IF(INPUT_RAW!Q93="","",IF(INPUT_RAW!Q93=0,0,INPUT_RAW!T93/INPUT_RAW!Q93)) -> 0.36639998
A94: INNSA1 | B94: 2025-04-05 | C94: 301049751 | D94: 73239990 | E94: STEEL HANGER WITH HOOK (SL-89) (QTY:70056 PCS/CNY:7.45 PER PCS)STEEL HANGER WITH HOOK (SL-89) (QTY:70056 PCS/CNY:7.45 PER P | N94: 15568 | O94: KGS | P94: 407.21682 | Q94: 6339551.5 | R94: 4.7022728 | S94: 73204.982 | T94: 2322811.6 | U94: 70056 | W94: STEEL | X94: Hanger | Y94: Table, kitchen or other household articles of iron or steel | Z94: Steel Household Articles | AA94: Hanger | AB94: =IF(INPUT_RAW!B94="","",YEAR(INPUT_RAW!B94)) -> 2025 | AC94: =IF(OR(INPUT_RAW!Q94="",INPUT_RAW!T94=""),"",INPUT_RAW!Q94+INPUT_RAW!T94) -> 8662363.1 | AD94: =IF(INPUT_RAW!Q94="","",IF(INPUT_RAW!Q94=0,0,INPUT_RAW!T94/INPUT_RAW!Q94)) -> 0.36639999
A95: INNSA1 | B95: 2025-04-04 | C95: 301049751 | D95: 73231000 | E95: STEEL SCRUBBER 6PCS SET (OKS-4156) (QTY: 98400 SET/USD 0.238PER SET)STEEL SCRUBBER 6PCS SET (OKS-4156) (QTY: 98400 SET/USD 0.238 | N95: 9151 | O95: KGS | P95: 229.46129 | Q95: 2099800.2 | R95: 2.6496684 | S95: 24247.116 | T95: 923072.1 | U95: 98400 | V95: 0.238 | W95: STEEL | X95: Scrubber | Y95: Stainless steel scouring pads and similar | Z95: Cleaning Supplies | AA95: Scrubber | AB95: =IF(INPUT_RAW!B95="","",YEAR(INPUT_RAW!B95)) -> 2025 | AC95: =IF(OR(INPUT_RAW!Q95="",INPUT_RAW!T95=""),"",INPUT_RAW!Q95+INPUT_RAW!T95) -> 3022872.3 | AD95: =IF(INPUT_RAW!Q95="","",IF(INPUT_RAW!Q95=0,0,INPUT_RAW!T95/INPUT_RAW!Q95)) -> 0.43959996
A96: INNSA1 | B96: 2025-03-29 | C96: 301049751 | D96: 73239990 | E96: RYX-02-026-3S MILD STEEL MULTI FUNCTION CLOTH STAND (QTY :1696 NUM/CNY 81.50 PER NUM)RYX-02-026-3S MILD STEEL MULTI FUNCTION CLOTH STAND (QTY :16 | N96: 6614.4 | O96: KGS | P96: 265.47044 | Q96: 1755927.7 | R96: 3.0408985 | S96: 20113.719 | T96: 643371.9 | U96: 1696 | W96: RYX-02-026-3S | X96: Stand | Y96: Table, kitchen or other household articles of iron or steel | Z96: Steel Household Articles | AA96: Stand | AB96: =IF(INPUT_RAW!B96="","",YEAR(INPUT_RAW!B96)) -> 2025 | AC96: =IF(OR(INPUT_RAW!Q96="",INPUT_RAW!T96=""),"",INPUT_RAW!Q96+INPUT_RAW!T96) -> 2399299.6 | AD96: =IF(INPUT_RAW!Q96="","",IF(INPUT_RAW!Q96=0,0,INPUT_RAW!T96/INPUT_RAW!Q96)) -> 0.3664
A97: INNSA1 | B97: 2025-03-28 | C97: 301049751 | D97: 73239990 | E97: STEEL SPRINKLER (AM-430) (QTY: 24000 PCS/USD 0.574 PER PCS) STEEL SPRINKLER (AM-430) (QTY: 24000 PCS/USD 0.574 PER PCS) | N97: 4400 | O97: KGS | P97: 289.60729 | Q97: 1274272.1 | R97: 3.3173802 | S97: 14596.473 | T97: 466893.2 | U97: 24000 | V97: 0.574 | W97: STEEL | Y97: Table, kitchen or other household articles of iron or steel | Z97: Steel Household Articles | AA97: Household Article | AB97: =IF(INPUT_RAW!B97="","",YEAR(INPUT_RAW!B97)) -> 2025 | AC97: =IF(OR(INPUT_RAW!Q97="",INPUT_RAW!T97=""),"",INPUT_RAW!Q97+INPUT_RAW!T97) -> 1741165.3 | AD97: =IF(INPUT_RAW!Q97="","",IF(INPUT_RAW!Q97=0,0,INPUT_RAW!T97/INPUT_RAW!Q97)) -> 0.36639993
A98: INNSA1 | B98: 2025-03-28 | C98: 301049751 | D98: 73239990 | E98: STEEL SPRINKLER (AM-430) (QTY: 26400 PC/USD 0.573 PER PCS) STEEL SPRINKLER (AM-430) (QTY: 26400 PC/USD 0.573 PER PCS) | N98: 4180 | O98: KGS | P98: 337.49746 | Q98: 1410739.4 | R98: 3.8659503 | S98: 16159.672 | T98: 516894.9 | U98: 26400 | V98: 0.573 | W98: STEEL | Y98: Table, kitchen or other household articles of iron or steel | Z98: Steel Household Articles | AA98: Household Article | AB98: =IF(INPUT_RAW!B98="","",YEAR(INPUT_RAW!B98)) -> 2025 | AC98: =IF(OR(INPUT_RAW!Q98="",INPUT_RAW!T98=""),"",INPUT_RAW!Q98+INPUT_RAW!T98) -> 1927634.3 | AD98: =IF(INPUT_RAW!Q98="","",IF(INPUT_RAW!Q98=0,0,INPUT_RAW!T98/INPUT_RAW!Q98)) -> 0.36639999
A99: INNSA1 | B99: 2025-03-27 | C99: 301049751 | D99: 73239990 | E99: RYX-02-020 MILD STEEL MULTI FUNCTION CLOTH STAND (QTY :4928NUM/CNY 101.00 PER NUM)RYX-02-020 MILD STEEL MULTI FUNCTION CLOTH STAND (QTY :4928 | N99: 16016 | O99: KGS | P99: 387.15956 | Q99: 6200747.5 | R99: 4.4348174 | S99: 71028.036 | T99: 2271953.9 | U99: 4928 | W99: RYX-02-020 | X99: Stand | Y99: Table, kitchen or other household articles of iron or steel | Z99: Steel Household Articles | AA99: Stand | AB99: =IF(INPUT_RAW!B99="","",YEAR(INPUT_RAW!B99)) -> 2025 | AC99: =IF(OR(INPUT_RAW!Q99="",INPUT_RAW!T99=""),"",INPUT_RAW!Q99+INPUT_RAW!T99) -> 8472701.4 | AD99: =IF(INPUT_RAW!Q99="","",IF(INPUT_RAW!Q99=0,0,INPUT_RAW!T99/INPUT_RAW!Q99)) -> 0.3664
A100: INNSA1 | B100: 2025-03-27 | C100: 301049751 | D100: 73231000 | E100: STEEL SCRUBBER 2PCS SET (8001-2) (QTY:168000 SETS/USD:0.142PER SET)STEEL SCRUBBER 2PCS SET (8001-2) (QTY:168000 SETS/USD:0.142 | N100: 4900 | O100: KGS | P100: 440.2227 | Q100: 2157091.2 | R100: 5.0426426 | S100: 24708.949 | T100: 948257.2 | U100: 168000 | V100: 0.142 | W100: STEEL | X100: Scrubber | Y100: Stainless steel scouring pads and similar | Z100: Cleaning Supplies | AA100: Scrubber | AB100: =IF(INPUT_RAW!B100="","",YEAR(INPUT_RAW!B100)) -> 2025 | AC100: =IF(OR(INPUT_RAW!Q100="",INPUT_RAW!T100=""),"",INPUT_RAW!Q100+INPUT_RAW!T100) -> 3105348.4 | AD100: =IF(INPUT_RAW!Q100="","",IF(INPUT_RAW!Q100=0,0,INPUT_RAW!T100/INPUT_RAW!Q100)) -> 0.43959996
...

Sheet HSN_MAPPING
A1: HSN | B1: DESCRIPTION | C1: MAIN_CATEGORY | D1: SUGGESTED_SUBCATEGORY
A2: 73239990 | B2: Table, kitchen or other household articles of iron or steel | C2: Steel Household Articles | D2: Household Article
A3: 73231000 | B3: Stainless steel scouring pads and similar | C3: Cleaning Supplies | D3: Scrubber
A4: 73239390 | B4: Table, kitchen or other household articles of stainless steel | C4: Stainless Steel Household Articles | D4: Kitchenware
A5: 73269090 | B5: Articles of iron or steel, other | C5: Iron/Steel Wire Products | D5: Other
A6: 73211100 | B6: Stoves and ranges | C6: Kitchen Accessories | D6: Appliance
A7: 73239400 | B7: Other stainless steel household articles | C7: Stainless Steel Household Articles | D7: Other
A8: 73239910 | B8: Other kitchen articles | C8: Steel Household Articles | D8: Kitchenware
A9: 73239310 | B9: Spoons and forks stainless | C9: Stainless Steel Household Articles | D9: Cutlery
A10: 73239300 | B10: Other household articles of stainless steel | C10: Stainless Steel Household Articles | D10: Other
A11: 73241100 | B11: Grated, powdered metal | C11: Others | D11: Other

Sheet YEAR_SUMMARY
A1: YEAR | B1: TOTAL_VALUE_INR | C1: DUTY_PAID_INR | D1: GRAND_TOTAL_INR | E1: YOY_GROWTH_PCT
A2: 2017 | B2: =SUMIFS(CLEANED_DATA!Q2:'CLEANED_DATA'!Q2080,CLEANED_DATA!AB2:'CLEANED_DATA'!AB2080,A2) -> 1.5824324e+08 | C2: =SUMIFS(CLEANED_DATA!T2:'CLEANED_DATA'!T2080,CLEANED_DATA!AB2:'CLEANED_DATA'!AB2080,A2) -> 32749950 | D2: =SUMIFS(CLEANED_DATA!AC2:'CLEANED_DATA'!AC2080,CLEANED_DATA!AB2:'CLEANED_DATA'!AB2080,A2) -> 1.9099319e+08
A3: 2018 | B3: =SUMIFS(CLEANED_DATA!Q2:'CLEANED_DATA'!Q2080,CLEANED_DATA!AB2:'CLEANED_DATA'!AB2080,A3) -> 3.3422649e+08 | C3: =SUMIFS(CLEANED_DATA!T2:'CLEANED_DATA'!T2080,CLEANED_DATA!AB2:'CLEANED_DATA'!AB2080,A3) -> 82490492 | D3: =SUMIFS(CLEANED_DATA!AC2:'CLEANED_DATA'!AC2080,CLEANED_DATA!AB2:'CLEANED_DATA'!AB2080,A3) -> 4.1671698e+08 | E3: =IF(B2=0,"",(B3-B2)/B2) -> 1.1121059
A4: 2019 | B4: =SUMIFS(CLEANED_DATA!Q2:'CLEANED_DATA'!Q2080,CLEANED_DATA!AB2:'CLEANED_DATA'!AB2080,A4) -> 4.2140296e+08 | C4: =SUMIFS(CLEANED_DATA!T2:'CLEANED_DATA'!T2080,CLEANED_DATA!AB2:'CLEANED_DATA'!AB2080,A4) -> 1.040222e+08 | D4: =SUMIFS(CLEANED_DATA!AC2:'CLEANED_DATA'!AC2080,CLEANED_DATA!AB2:'CLEANED_DATA'!AB2080,A4) -> 5.2542517e+08 | E4: =IF(B3=0,"",(B4-B3)/B3) -> 0.26083053
A5: 2020 | B5: =SUMIFS(CLEANED_DATA!Q2:'CLEANED_DATA'!Q2080,CLEANED_DATA!AB2:'CLEANED_DATA'!AB2080,A5) -> 3.492895e+08 | C5: =SUMIFS(CLEANED_DATA!T2:'CLEANED_DATA'!T2080,CLEANED_DATA!AB2:'CLEANED_DATA'!AB2080,A5) -> 1.2030663e+08 | D5: =SUMIFS(CLEANED_DATA!AC2:'CLEANED_DATA'!AC2080,CLEANED_DATA!AB2:'CLEANED_DATA'!AB2080,A5) -> 4.6959613e+08 | E5: =IF(B4=0,"",(B5-B4)/B4) -> -0.17112709
A6: 2021 | B6: =SUMIFS(CLEANED_DATA!Q2:'CLEANED_DATA'!Q2080,CLEANED_DATA!AB2:'CLEANED_DATA'!AB2080,A6) -> 4.8739781e+08 | C6: =SUMIFS(CLEANED_DATA!T2:'CLEANED_DATA'!T2080,CLEANED_DATA!AB2:'CLEANED_DATA'!AB2080,A6) -> 1.8160358e+08 | D6: =SUMIFS(CLEANED_DATA!AC2:'CLEANED_DATA'!AC2080,CLEANED_DATA!AB2:'CLEANED_DATA'!AB2080,A6) -> 6.6900139e+08 | E6: =IF(B5=0,"",(B6-B5)/B5) -> 0.39539783
A7: 2022 | B7: =SUMIFS(CLEANED_DATA!Q2:'CLEANED_DATA'!Q2080,CLEANED_DATA!AB2:'CLEANED_DATA'!AB2080,A7) -> 7.5432377e+08 | C7: =SUMIFS(CLEANED_DATA!T2:'CLEANED_DATA'!T2080,CLEANED_DATA!AB2:'CLEANED_DATA'!AB2080,A7) -> 2.804435e+08 | D7: =SUMIFS(CLEANED_DATA!AC2:'CLEANED_DATA'!AC2080,CLEANED_DATA!AB2:'CLEANED_DATA'!AB2080,A7) -> 1.0347673e+09 | E7: =IF(B6=0,"",(B7-B6)/B6) -> 0.54765523
A8: 2023 | B8: =SUMIFS(CLEANED_DATA!Q2:'CLEANED_DATA'!Q2080,CLEANED_DATA!AB2:'CLEANED_DATA'!AB2080,A8) -> 8.704074e+08 | C8: =SUMIFS(CLEANED_DATA!T2:'CLEANED_DATA'!T2080,CLEANED_DATA!AB2:'CLEANED_DATA'!AB2080,A8) -> 3.2152181e+08 | D8: =SUMIFS(CLEANED_DATA!AC2:'CLEANED_DATA'!AC2080,CLEANED_DATA!AB2:'CLEANED_DATA'!AB2080,A8) -> 1.1919292e+09 | E8: =IF(B7=0,"",(B8-B7)/B7) -> 0.15389098
A9: 2024 | B9: =SUMIFS(CLEANED_DATA!Q2:'CLEANED_DATA'!Q2080,CLEANED_DATA!AB2:'CLEANED_DATA'!AB2080,A9) -> 4.2551804e+08 | C9: =SUMIFS(CLEANED_DATA!T2:'CLEANED_DATA'!T2080,CLEANED_DATA!AB2:'CLEANED_DATA'!AB2080,A9) -> 1.6074949e+08 | D9: =SUMIFS(CLEANED_DATA!AC2:'CLEANED_DATA'!AC2080,CLEANED_DATA!AB2:'CLEANED_DATA'!AB2080,A9) -> 5.8626753e+08 | E9: =IF(B8=0,"",(B9-B8)/B8) -> -0.51112773
A10: 2025 | B10: =SUMIFS(CLEANED_DATA!Q2:'CLEANED_DATA'!Q2080,CLEANED_DATA!AB2:'CLEANED_DATA'!AB2080,A10) -> 3.9312917e+08 | C10: =SUMIFS(CLEANED_DATA!T2:'CLEANED_DATA'!T2080,CLEANED_DATA!AB2:'CLEANED_DATA'!AB2080,A10) -> 1.4612916e+08 | D10: =SUMIFS(CLEANED_DATA!AC2:'CLEANED_DATA'!AC2080,CLEANED_DATA!AB2:'CLEANED_DATA'!AB2080,A10) -> 5.3925833e+08 | E10: =IF(B9=0,"",(B10-B9)/B9) -> -0.076116314

Sheet HSN_SUMMARY_V2
A1: HSN | B1: HSN_DESCRIPTION | C1: MAIN_CATEGORY | D1: SUB_CATEGORY | E1: TOTAL_VALUE_INR | F1: DUTY_PAID_INR | G1: GRAND_TOTAL_INR | H1: %_CONTRIBUTION
A2: 73231000 | B2: Stainless steel scouring pads and similar | C2: Cleaning Supplies | D2: Scrubber | E2: =SUMIFS(CLEANED_DATA!Q2:'CLEANED_DATA'!Q2080,CLEANED_DATA!D2:'CLEANED_DATA'!D2080,A2) -> 3.353318e+08 | F2: =SUMIFS(CLEANED_DATA!T2:'CLEANED_DATA'!T2080,CLEANED_DATA!D2:'CLEANED_DATA'!D2080,A2) -> 1.3858841e+08 | G2: =SUMIFS(CLEANED_DATA!AC2:'CLEANED_DATA'!AC2080,CLEANED_DATA!D2:'CLEANED_DATA'!D2080,A2) -> 4.7392021e+08 | H2: =IF($E$6=0,0,E2/$E$6) -> 0.079956301
A3: 73239390 | B3: Table, kitchen or other household articles of stainless steel | C3: Stainless Steel Household Articles | D3: Kitchenware | E3: =SUMIFS(CLEANED_DATA!Q2:'CLEANED_DATA'!Q2080,CLEANED_DATA!D2:'CLEANED_DATA'!D2080,A3) -> 15387697 | F3: =SUMIFS(CLEANED_DATA!T2:'CLEANED_DATA'!T2080,CLEANED_DATA!D2:'CLEANED_DATA'!D2080,A3) -> 4195325.1 | G3: =SUMIFS(CLEANED_DATA!AC2:'CLEANED_DATA'!AC2080,CLEANED_DATA!D2:'CLEANED_DATA'!D2080,A3) -> 19583022 | H3: =IF($E$6=0,0,E3/$E$6) -> 0.0036690326
A4: 73239990 | B4: Table, kitchen or other household articles of iron or steel | C4: Steel Household Articles | D4: Household Article | E4: =SUMIFS(CLEANED_DATA!Q2:'CLEANED_DATA'!Q2080,CLEANED_DATA!D2:'CLEANED_DATA'!D2080,A4) -> 3.8432189e+09 | F4: =SUMIFS(CLEANED_DATA!T2:'CLEANED_DATA'!T2080,CLEANED_DATA!D2:'CLEANED_DATA'!D2080,A4) -> 1.2872331e+09 | G4: =SUMIFS(CLEANED_DATA!AC2:'CLEANED_DATA'!AC2080,CLEANED_DATA!D2:'CLEANED_DATA'!D2080,A4) -> 5.130452e+09 | H4: =IF($E$6=0,0,E4/$E$6) -> 0.91637467
D6: Overall Grand Total | E6: =SUM(E2:E4) -> 4.1939384e+09

Sheet CATEGORY_SUMMARY
A1: MAIN_CATEGORY | B1: TOTAL_VALUE_INR | C1: DUTY_PAID_INR | D1: GRAND_TOTAL_INR | E1: %_CONTRIBUTION
A2: Cleaning Supplies | B2: =SUMIFS(CLEANED_DATA!Q2:'CLEANED_DATA'!Q2080,CLEANED_DATA!Z2:'CLEANED_DATA'!Z2080,A2) -> 3.353318e+08 | C2: =SUMIFS(CLEANED_DATA!T2:'CLEANED_DATA'!T2080,CLEANED_DATA!Z2:'CLEANED_DATA'!Z2080,A2) -> 1.3858841e+08 | D2: =SUMIFS(CLEANED_DATA!AC2:'CLEANED_DATA'!AC2080,CLEANED_DATA!Z2:'CLEANED_DATA'!Z2080,A2) -> 4.7392021e+08 | E2: =IF($B$6=0,0,D2/$B$6) -> 0.084268134
A3: Stainless Steel Household Articles | B3: =SUMIFS(CLEANED_DATA!Q2:'CLEANED_DATA'!Q2080,CLEANED_DATA!Z2:'CLEANED_DATA'!Z2080,A3) -> 15387697 | C3: =SUMIFS(CLEANED_DATA!T2:'CLEANED_DATA'!T2080,CLEANED_DATA!Z2:'CLEANED_DATA'!Z2080,A3) -> 4195325.1 | D3: =SUMIFS(CLEANED_DATA!AC2:'CLEANED_DATA'!AC2080,CLEANED_DATA!Z2:'CLEANED_DATA'!Z2080,A3) -> 19583022 | E3: =IF($B$6=0,0,D3/$B$6) -> 0.0034820728
A4: Steel Household Articles | B4: =SUMIFS(CLEANED_DATA!Q2:'CLEANED_DATA'!Q2080,CLEANED_DATA!Z2:'CLEANED_DATA'!Z2080,A4) -> 3.8432189e+09 | C4: =SUMIFS(CLEANED_DATA!T2:'CLEANED_DATA'!T2080,CLEANED_DATA!Z2:'CLEANED_DATA'!Z2080,A4) -> 1.2872331e+09 | D4: =SUMIFS(CLEANED_DATA!AC2:'CLEANED_DATA'!AC2080,CLEANED_DATA!Z2:'CLEANED_DATA'!Z2080,A4) -> 5.130452e+09 | E4: =IF($B$6=0,0,D4/$B$6) -> 0.91224979
A6: Overall Grand Total | B6: =SUM(D2:D4) -> 5.6239552e+09

Sheet MODEL_ANALYSIS_V2
A1: MODEL | B1: TOTAL_QTY | C1: TOTAL_VALUE_INR | D1: AVG_UNIT_PRICE_USD | E1: TOTAL_WITH_DUTY_INR
A2: 03-0271 | B2: =SUMIFS(CLEANED_DATA!U2:'CLEANED_DATA'!U2080,CLEANED_DATA!W2:'CLEANED_DATA'!W2080,A2) -> 1800 | C2: =SUMIFS(CLEANED_DATA!Q2:'CLEANED_DATA'!Q2080,CLEANED_DATA!W2:'CLEANED_DATA'!W2080,A2) -> 1499255.1 | D2: =IF(B2=0,0,SUMIFS(CLEANED_DATA!V2:'CLEANED_DATA'!V2080,CLEANED_DATA!W2:'CLEANED_DATA'!W2080,A2)/B2) -> 0 | E2: =C2+0 -> 1499255.1
A3: 03-027I | B3: =SUMIFS(CLEANED_DATA!U2:'CLEANED_DATA'!U2080,CLEANED_DATA!W2:'CLEANED_DATA'!W2080,A3) -> 34584 | C3: =SUMIFS(CLEANED_DATA!Q2:'CLEANED_DATA'!Q2080,CLEANED_DATA!W2:'CLEANED_DATA'!W2080,A3) -> 30016788 | D3: =IF(B3=0,0,SUMIFS(CLEANED_DATA!V2:'CLEANED_DATA'!V2080,CLEANED_DATA!W2:'CLEANED_DATA'!W2080,A3)/B3) -> 0 | E3: =C3+0 -> 30016788
A4: 2628 | B4: =SUMIFS(CLEANED_DATA!U2:'CLEANED_DATA'!U2080,CLEANED_DATA!W2:'CLEANED_DATA'!W2080,A4) -> 1098288 | C4: =SUMIFS(CLEANED_DATA!Q2:'CLEANED_DATA'!Q2080,CLEANED_DATA!W2:'CLEANED_DATA'!W2080,A4) -> 39356895 | D4: =IF(B4=0,0,SUMIFS(CLEANED_DATA!V2:'CLEANED_DATA'!V2080,CLEANED_DATA!W2:'CLEANED_DATA'!W2080,A4)/B4) -> 3.1758519e-06 | E4: =C4+0 -> 39356895
A5: 320F | B5: =SUMIFS(CLEANED_DATA!U2:'CLEANED_DATA'!U2080,CLEANED_DATA!W2:'CLEANED_DATA'!W2080,A5) -> 480 | C5: =SUMIFS(CLEANED_DATA!Q2:'CLEANED_DATA'!Q2080,CLEANED_DATA!W2:'CLEANED_DATA'!W2080,A5) -> 17971.48 | D5: =IF(B5=0,0,SUMIFS(CLEANED_DATA!V2:'CLEANED_DATA'!V2080,CLEANED_DATA!W2:'CLEANED_DATA'!W2080,A5)/B5) -> 0.00087645833 | E5: =C5+0 -> 17971.48
A6: 3888-HOUSEHOLD | B6: =SUMIFS(CLEANED_DATA!U2:'CLEANED_DATA'!U2080,CLEANED_DATA!W2:'CLEANED_DATA'!W2080,A6) -> 208512 | C6: =SUMIFS(CLEANED_DATA!Q2:'CLEANED_DATA'!Q2080,CLEANED_DATA!W2:'CLEANED_DATA'!W2080,A6) -> 5099049.9 | D6: =IF(B6=0,0,SUMIFS(CLEANED_DATA!V2:'CLEANED_DATA'!V2080,CLEANED_DATA!W2:'CLEANED_DATA'!W2080,A6)/B6) -> 1.3764196e-06 | E6: =C6+0 -> 5099049.9
A7: 580F | B7: =SUMIFS(CLEANED_DATA!U2:'CLEANED_DATA'!U2080,CLEANED_DATA!W2:'CLEANED_DATA'!W2080,A7) -> 480 | C7: =SUMIFS(CLEANED_DATA!Q2:'CLEANED_DATA'!Q2080,CLEANED_DATA!W2:'CLEANED_DATA'!W2080,A7) -> 32947.42 | D7: =IF(B7=0,0,SUMIFS(CLEANED_DATA!V2:'CLEANED_DATA'!V2080,CLEANED_DATA!W2:'CLEANED_DATA'!W2080,A7)/B7) -> 0.001606875 | E7: =C7+0 -> 32947.42
A8: 6527 | B8: =SUMIFS(CLEANED_DATA!U2:'CLEANED_DATA'!U2080,CLEANED_DATA!W2:'CLEANED_DATA'!W2080,A8) -> 153600 | C8: =SUMIFS(CLEANED_DATA!Q2:'CLEANED_DATA'!Q2080,CLEANED_DATA!W2:'CLEANED_DATA'!W2080,A8) -> 25939901 | D8: =IF(B8=0,0,SUMIFS(CLEANED_DATA!V2:'CLEANED_DATA'!V2080,CLEANED_DATA!W2:'CLEANED_DATA'!W2080,A8)/B8) -> 7.7994792e-05 | E8: =C8+0 -> 25939901
A9: 6561 | B9: =SUMIFS(CLEANED_DATA!U2:'CLEANED_DATA'!U2080,CLEANED_DATA!W2:'CLEANED_DATA'!W2080,A9) -> 86040 | C9: =SUMIFS(CLEANED_DATA!Q2:'CLEANED_DATA'!Q2080,CLEANED_DATA!W2:'CLEANED_DATA'!W2080,A9) -> 19235683 | D9: =IF(B9=0,0,SUMIFS(CLEANED_DATA!V2:'CLEANED_DATA'!V2080,CLEANED_DATA!W2:'CLEANED_DATA'!W2080,A9)/B9) -> 0.00012203626 | E9: =C9+0 -> 19235683
A10: 6578 | B10: =SUMIFS(CLEANED_DATA!U2:'CLEANED_DATA'!U2080,CLEANED_DATA!W2:'CLEANED_DATA'!W2080,A10) -> 113760 | C10: =SUMIFS(CLEANED_DATA!Q2:'CLEANED_DATA'!Q2080,CLEANED_DATA!W2:'CLEANED_DATA'!W2080,A10) -> 17419237 | D10: =IF(B10=0,0,SUMIFS(CLEANED_DATA!V2:'CLEANED_DATA'!V2080,CLEANED_DATA!W2:'CLEANED_DATA'!W2080,A10)/B10) -> 4.7468354e-05 | E10: =C10+0 -> 17419237
A11: 6581 | B11: =SUMIFS(CLEANED_DATA!U2:'CLEANED_DATA'!U2080,CLEANED_DATA!W2:'CLEANED_DATA'!W2080,A11) -> 222600 | C11: =SUMIFS(CLEANED_DATA!Q2:'CLEANED_DATA'!Q2080,CLEANED_DATA!W2:'CLEANED_DATA'!W2080,A11) -> 18078745 | D11: =IF(B11=0,0,SUMIFS(CLEANED_DATA!V2:'CLEANED_DATA'!V2080,CLEANED_DATA!W2:'CLEANED_DATA'!W2080,A11)/B11) -> 1.3162624e-05 | E11: =C11+0 -> 18078745
A12: 6587 | B12: =SUMIFS(CLEANED_DATA!U2:'CLEANED_DATA'!U2080,CLEANED_DATA!W2:'CLEANED_DATA'!W2080,A12) -> 19920 | C12: =SUMIFS(CLEANED_DATA!Q2:'CLEANED_DATA'!Q2080,CLEANED_DATA!W2:'CLEANED_DATA'!W2080,A12) -> 2844087.6 | D12: =IF(B12=0,0,SUMIFS(CLEANED_DATA!V2:'CLEANED_DATA'!V2080,CLEANED_DATA!W2:'CLEANED_DATA'!W2080,A12)/B12) -> 8.684739e-05 | E12: =C12+0 -> 2844087.6
A13: 6856 | B13: =SUMIFS(CLEANED_DATA!U2:'CLEANED_DATA'!U2080,CLEANED_DATA!W2:'CLEANED_DATA'!W2080,A13) -> 85536 | C13: =SUMIFS(CLEANED_DATA!Q2:'CLEANED_DATA'!Q2080,CLEANED_DATA!W2:'CLEANED_DATA'!W2080,A13) -> 4635679.6 | D13: =IF(B13=0,0,SUMIFS(CLEANED_DATA!V2:'CLEANED_DATA'!V2080,CLEANED_DATA!W2:'CLEANED_DATA'!W2080,A13)/B13) -> 1.5432099e-05 | E13: =C13+0 -> 4635679.6
A14: 6857 | B14: =SUMIFS(CLEANED_DATA!U2:'CLEANED_DATA'!U2080,CLEANED_DATA!W2:'CLEANED_DATA'!W2080,A14) -> 100440 | C14: =SUMIFS(CLEANED_DATA!Q2:'CLEANED_DATA'!Q2080,CLEANED_DATA!W2:'CLEANED_DATA'!W2080,A14) -> 6586953 | D14: =IF(B14=0,0,SUMIFS(CLEANED_DATA!V2:'CLEANED_DATA'!V2080,CLEANED_DATA!W2:'CLEANED_DATA'!W2080,A14)/B14) -> 1.602947e-05 | E14: =C14+0 -> 6586953
A15: 6862 | B15: =SUMIFS(CLEANED_DATA!U2:'CLEANED_DATA'!U2080,CLEANED_DATA!W2:'CLEANED_DATA'!W2080,A15) -> 132216 | C15: =SUMIFS(CLEANED_DATA!Q2:'CLEANED_DATA'!Q2080,CLEANED_DATA!W2:'CLEANED_DATA'!W2080,A15) -> 17573634 | D15: =IF(B15=0,0,SUMIFS(CLEANED_DATA!V2:'CLEANED_DATA'!V2080,CLEANED_DATA!W2:'CLEANED_DATA'!W2080,A15)/B15) -> 6.0280148e-05 | E15: =C15+0 -> 17573634
A16: 6900 | B16: =SUMIFS(CLEANED_DATA!U2:'CLEANED_DATA'!U2080,CLEANED_DATA!W2:'CLEANED_DATA'!W2080,A16) -> 91200 | C16: =SUMIFS(CLEANED_DATA!Q2:'CLEANED_DATA'!Q2080,CLEANED_DATA!W2:'CLEANED_DATA'!W2080,A16) -> 6681079 | D16: =IF(B16=0,0,SUMIFS(CLEANED_DATA!V2:'CLEANED_DATA'!V2080,CLEANED_DATA!W2:'CLEANED_DATA'!W2080,A16)/B16) -> 9.1008772e-06 | E16: =C16+0 -> 6681079
A17: 6901 | B17: =SUMIFS(CLEANED_DATA!U2:'CLEANED_DATA'!U2080,CLEANED_DATA!W2:'CLEANED_DATA'!W2080,A17) -> 275304 | C17: =SUMIFS(CLEANED_DATA!Q2:'CLEANED_DATA'!Q2080,CLEANED_DATA!W2:'CLEANED_DATA'!W2080,A17) -> 24363335 | D17: =IF(B17=0,0,SUMIFS(CLEANED_DATA!V2:'CLEANED_DATA'!V2080,CLEANED_DATA!W2:'CLEANED_DATA'!W2080,A17)/B17) -> 1.8742917e-05 | E17: =C17+0 -> 24363335
A18: 8001- | B18: =SUMIFS(CLEANED_DATA!U2:'CLEANED_DATA'!U2080,CLEANED_DATA!W2:'CLEANED_DATA'!W2080,A18) -> 2 | C18: =SUMIFS(CLEANED_DATA!Q2:'CLEANED_DATA'!Q2080,CLEANED_DATA!W2:'CLEANED_DATA'!W2080,A18) -> 1683904.4 | D18: =IF(B18=0,0,SUMIFS(CLEANED_DATA!V2:'CLEANED_DATA'!V2080,CLEANED_DATA!W2:'CLEANED_DATA'!W2080,A18)/B18) -> 0 | E18: =C18+0 -> 1683904.4
A19: 8001-1PCS | B19: =SUMIFS(CLEANED_DATA!U2:'CLEANED_DATA'!U2080,CLEANED_DATA!W2:'CLEANED_DATA'!W2080,A19) -> 3 | C19: =SUMIFS(CLEANED_DATA!Q2:'CLEANED_DATA'!Q2080,CLEANED_DATA!W2:'CLEANED_DATA'!W2080,A19) -> 4578915 | D19: =IF(B19=0,0,SUMIFS(CLEANED_DATA!V2:'CLEANED_DATA'!V2080,CLEANED_DATA!W2:'CLEANED_DATA'!W2080,A19)/B19) -> 0 | E19: =C19+0 -> 4578915
A20: 8001-2 | B20: =SUMIFS(CLEANED_DATA!U2:'CLEANED_DATA'!U2080,CLEANED_DATA!W2:'CLEANED_DATA'!W2080,A20) -> 1334668 | C20: =SUMIFS(CLEANED_DATA!Q2:'CLEANED_DATA'!Q2080,CLEANED_DATA!W2:'CLEANED_DATA'!W2080,A20) -> 49047917 | D20: =IF(B20=0,0,SUMIFS(CLEANED_DATA!V2:'CLEANED_DATA'!V2080,CLEANED_DATA!W2:'CLEANED_DATA'!W2080,A20)/B20) -> 2.241756e-06 | E20: =C20+0 -> 49047917
A21: 8001-2STEEL | B21: =SUMIFS(CLEANED_DATA!U2:'CLEANED_DATA'!U2080,CLEANED_DATA!W2:'CLEANED_DATA'!W2080,A21) -> 164400 | C21: =SUMIFS(CLEANED_DATA!Q2:'CLEANED_DATA'!Q2080,CLEANED_DATA!W2:'CLEANED_DATA'!W2080,A21) -> 2326348.4 | D21: =IF(B21=0,0,SUMIFS(CLEANED_DATA!V2:'CLEANED_DATA'!V2080,CLEANED_DATA!W2:'CLEANED_DATA'!W2080,A21)/B21) -> 1.0218978e-06 | E21: =C21+0 -> 2326348.4
A22: 8504 | B22: =SUMIFS(CLEANED_DATA!U2:'CLEANED_DATA'!U2080,CLEANED_DATA!W2:'CLEANED_DATA'!W2080,A22) -> 176640 | C22: =SUMIFS(CLEANED_DATA!Q2:'CLEANED_DATA'!Q2080,CLEANED_DATA!W2:'CLEANED_DATA'!W2080,A22) -> 40185354 | D22: =IF(B22=0,0,SUMIFS(CLEANED_DATA!V2:'CLEANED_DATA'!V2080,CLEANED_DATA!W2:'CLEANED_DATA'!W2080,A22)/B22) -> 0.00010586504 | E22: =C22+0 -> 40185354
A23: 8505 | B23: =SUMIFS(CLEANED_DATA!U2:'CLEANED_DATA'!U2080,CLEANED_DATA!W2:'CLEANED_DATA'!W2080,A23) -> 67200 | C23: =SUMIFS(CLEANED_DATA!Q2:'CLEANED_DATA'!Q2080,CLEANED_DATA!W2:'CLEANED_DATA'!W2080,A23) -> 25372070 | D23: =IF(B23=0,0,SUMIFS(CLEANED_DATA!V2:'CLEANED_DATA'!V2080,CLEANED_DATA!W2:'CLEANED_DATA'!W2080,A23)/B23) -> 0.00021875 | E23: =C23+0 -> 25372070
A24: AISI430 | B24: =SUMIFS(CLEANED_DATA!U2:'CLEANED_DATA'!U2080,CLEANED_DATA!W2:'CLEANED_DATA'!W2080,A24) -> 2 | C24: =SUMIFS(CLEANED_DATA!Q2:'CLEANED_DATA'!Q2080,CLEANED_DATA!W2:'CLEANED_DATA'!W2080,A24) -> 1052919.6 | D24: =IF(B24=0,0,SUMIFS(CLEANED_DATA!V2:'CLEANED_DATA'!V2080,CLEANED_DATA!W2:'CLEANED_DATA'!W2080,A24)/B24) -> 0 | E24: =C24+0 -> 1052919.6
A25: AM-06 | B25: =SUMIFS(CLEANED_DATA!U2:'CLEANED_DATA'!U2080,CLEANED_DATA!W2:'CLEANED_DATA'!W2080,A25) -> 454944 | C25: =SUMIFS(CLEANED_DATA!Q2:'CLEANED_DATA'!Q2080,CLEANED_DATA!W2:'CLEANED_DATA'!W2080,A25) -> 42338893 | D25: =IF(B25=0,0,SUMIFS(CLEANED_DATA!V2:'CLEANED_DATA'!V2080,CLEANED_DATA!W2:'CLEANED_DATA'!W2080,A25)/B25) -> 4.9581927e-05 | E25: =C25+0 -> 42338893
A26: AM-06-STAINLESS | B26: =SUMIFS(CLEANED_DATA!U2:'CLEANED_DATA'!U2080,CLEANED_DATA!W2:'CLEANED_DATA'!W2080,A26) -> 9792 | C26: =SUMIFS(CLEANED_DATA!Q2:'CLEANED_DATA'!Q2080,CLEANED_DATA!W2:'CLEANED_DATA'!W2080,A26) -> 962858.84 | D26: =IF(B26=0,0,SUMIFS(CLEANED_DATA!V2:'CLEANED_DATA'!V2080,CLEANED_DATA!W2:'CLEANED_DATA'!W2080,A26)/B26) -> 0.00011642157 | E26: =C26+0 -> 962858.84
A27: AM-217 | B27: =SUMIFS(CLEANED_DATA!U2:'CLEANED_DATA'!U2080,CLEANED_DATA!W2:'CLEANED_DATA'!W2080,A27) -> 30300 | C27: =SUMIFS(CLEANED_DATA!Q2:'CLEANED_DATA'!Q2080,CLEANED_DATA!W2:'CLEANED_DATA'!W2080,A27) -> 5160823.2 | D27: =IF(B27=0,0,SUMIFS(CLEANED_DATA!V2:'CLEANED_DATA'!V2080,CLEANED_DATA!W2:'CLEANED_DATA'!W2080,A27)/B27) -> 0.00019866667 | E27: =C27+0 -> 5160823.2
A28: AM-253 | B28: =SUMIFS(CLEANED_DATA!U2:'CLEANED_DATA'!U2080,CLEANED_DATA!W2:'CLEANED_DATA'!W2080,A28) -> 156996 | C28: =SUMIFS(CLEANED_DATA!Q2:'CLEANED_DATA'!Q2080,CLEANED_DATA!W2:'CLEANED_DATA'!W2080,A28) -> 7859488.3 | D28: =IF(B28=0,0,SUMIFS(CLEANED_DATA!V2:'CLEANED_DATA'!V2080,CLEANED_DATA!W2:'CLEANED_DATA'!W2080,A28)/B28) -> 2.9237051e-05 | E28: =C28+0 -> 7859488.3
A29: AM-296 | B29: =SUMIFS(CLEANED_DATA!U2:'CLEANED_DATA'!U2080,CLEANED_DATA!W2:'CLEANED_DATA'!W2080,A29) -> 42048 | C29: =SUMIFS(CLEANED_DATA!Q2:'CLEANED_DATA'!Q2080,CLEANED_DATA!W2:'CLEANED_DATA'!W2080,A29) -> 3908550.7 | D29: =IF(B29=0,0,SUMIFS(CLEANED_DATA!V2:'CLEANED_DATA'!V2080,CLEANED_DATA!W2:'CLEANED_DATA'!W2080,A29)/B29) -> 2.5447108e-05 | E29: =C29+0 -> 3908550.7
A30: AM-314 | B30: =SUMIFS(CLEANED_DATA!U2:'CLEANED_DATA'!U2080,CLEANED_DATA!W2:'CLEANED_DATA'!W2080,A30) -> 35784 | C30: =SUMIFS(CLEANED_DATA!Q2:'CLEANED_DATA'!Q2080,CLEANED_DATA!W2:'CLEANED_DATA'!W2080,A30) -> 2845630.3 | D30: =IF(B30=0,0,SUMIFS(CLEANED_DATA!V2:'CLEANED_DATA'!V2080,CLEANED_DATA!W2:'CLEANED_DATA'!W2080,A30)/B30) -> 7.6877934e-05 | E30: =C30+0 -> 2845630.3
A31: AM-321 | B31: =SUMIFS(CLEANED_DATA!U2:'CLEANED_DATA'!U2080,CLEANED_DATA!W2:'CLEANED_DATA'!W2080,A31) -> 107208 | C31: =SUMIFS(CLEANED_DATA!Q2:'CLEANED_DATA'!Q2080,CLEANED_DATA!W2:'CLEANED_DATA'!W2080,A31) -> 7203087.7 | D31: =IF(B31=0,0,SUMIFS(CLEANED_DATA!V2:'CLEANED_DATA'!V2080,CLEANED_DATA!W2:'CLEANED_DATA'!W2080,A31)/B31) -> 3.3494702e-05 | E31: =C31+0 -> 7203087.7
A32: AM-322 | B32: =SUMIFS(CLEANED_DATA!U2:'CLEANED_DATA'!U2080,CLEANED_DATA!W2:'CLEANED_DATA'!W2080,A32) -> 20400 | C32: =SUMIFS(CLEANED_DATA!Q2:'CLEANED_DATA'!Q2080,CLEANED_DATA!W2:'CLEANED_DATA'!W2080,A32) -> 2318250.1 | D32: =IF(B32=0,0,SUMIFS(CLEANED_DATA!V2:'CLEANED_DATA'!V2080,CLEANED_DATA!W2:'CLEANED_DATA'!W2080,A32)/B32) -> 6.247549e-05 | E32: =C32+0 -> 2318250.1
A33: AM-393 | B33: =SUMIFS(CLEANED_DATA!U2:'CLEANED_DATA'!U2080,CLEANED_DATA!W2:'CLEANED_DATA'!W2080,A33) -> 51024 | C33: =SUMIFS(CLEANED_DATA!Q2:'CLEANED_DATA'!Q2080,CLEANED_DATA!W2:'CLEANED_DATA'!W2080,A33) -> 5367053.4 | D33: =IF(B33=0,0,SUMIFS(CLEANED_DATA!V2:'CLEANED_DATA'!V2080,CLEANED_DATA!W2:'CLEANED_DATA'!W2080,A33)/B33) -> 0.00011725854 | E33: =C33+0 -> 5367053.4
A34: AM-394 | B34: =SUMIFS(CLEANED_DATA!U2:'CLEANED_DATA'!U2080,CLEANED_DATA!W2:'CLEANED_DATA'!W2080,A34) -> 24456 | C34: =SUMIFS(CLEANED_DATA!Q2:'CLEANED_DATA'!Q2080,CLEANED_DATA!W2:'CLEANED_DATA'!W2080,A34) -> 2570629 | D34: =IF(B34=0,0,SUMIFS(CLEANED_DATA!V2:'CLEANED_DATA'!V2080,CLEANED_DATA!W2:'CLEANED_DATA'!W2080,A34)/B34) -> 9.8953222e-05 | E34: =C34+0 -> 2570629
A35: AM-395 | B35: =SUMIFS(CLEANED_DATA!U2:'CLEANED_DATA'!U2080,CLEANED_DATA!W2:'CLEANED_DATA'!W2080,A35) -> 38160 | C35: =SUMIFS(CLEANED_DATA!Q2:'CLEANED_DATA'!Q2080,CLEANED_DATA!W2:'CLEANED_DATA'!W2080,A35) -> 3487569.8 | D35: =IF(B35=0,0,SUMIFS(CLEANED_DATA!V2:'CLEANED_DATA'!V2080,CLEANED_DATA!W2:'CLEANED_DATA'!W2080,A35)/B35) -> 5.7049266e-05 | E35: =C35+0 -> 3487569.8
A36: AM-396-STAINLESS | B36: =SUMIFS(CLEANED_DATA!U2:'CLEANED_DATA'!U2080,CLEANED_DATA!W2:'CLEANED_DATA'!W2080,A36) -> 720 | C36: =SUMIFS(CLEANED_DATA!Q2:'CLEANED_DATA'!Q2080,CLEANED_DATA!W2:'CLEANED_DATA'!W2080,A36) -> 77271.87 | D36: =IF(B36=0,0,SUMIFS(CLEANED_DATA!V2:'CLEANED_DATA'!V2080,CLEANED_DATA!W2:'CLEANED_DATA'!W2080,A36)/B36) -> 0.0017361111 | E36: =C36+0 -> 77271.87
A37: AM-397-STAINLESS | B37: =SUMIFS(CLEANED_DATA!U2:'CLEANED_DATA'!U2080,CLEANED_DATA!W2:'CLEANED_DATA'!W2080,A37) -> 720 | C37: =SUMIFS(CLEANED_DATA!Q2:'CLEANED_DATA'!Q2080,CLEANED_DATA!W2:'CLEANED_DATA'!W2080,A37) -> 67999.24 | D37: =IF(B37=0,0,SUMIFS(CLEANED_DATA!V2:'CLEANED_DATA'!V2080,CLEANED_DATA!W2:'CLEANED_DATA'!W2080,A37)/B37) -> 0.0015277778 | E37: =C37+0 -> 67999.24
A38: AM-398 | B38: =SUMIFS(CLEANED_DATA!U2:'CLEANED_DATA'!U2080,CLEANED_DATA!W2:'CLEANED_DATA'!W2080,A38) -> 16848 | C38: =SUMIFS(CLEANED_DATA!Q2:'CLEANED_DATA'!Q2080,CLEANED_DATA!W2:'CLEANED_DATA'!W2080,A38) -> 2383050.8 | D38: =IF(B38=0,0,SUMIFS(CLEANED_DATA!V2:'CLEANED_DATA'!V2080,CLEANED_DATA!W2:'CLEANED_DATA'!W2080,A38)/B38) -> 0.00029024217 | E38: =C38+0 -> 2383050.8
A39: AM-430 | B39: =SUMIFS(CLEANED_DATA!U2:'CLEANED_DATA'!U2080,CLEANED_DATA!W2:'CLEANED_DATA'!W2080,A39) -> 207720 | C39: =SUMIFS(CLEANED_DATA!Q2:'CLEANED_DATA'!Q2080,CLEANED_DATA!W2:'CLEANED_DATA'!W2080,A39) -> 10807840 | D39: =IF(B39=0,0,SUMIFS(CLEANED_DATA!V2:'CLEANED_DATA'!V2080,CLEANED_DATA!W2:'CLEANED_DATA'!W2080,A39)/B39) -> 1.1150106e-05 | E39: =C39+0 -> 10807840
A40: AM-456 | B40: =SUMIFS(CLEANED_DATA!U2:'CLEANED_DATA'!U2080,CLEANED_DATA!W2:'CLEANED_DATA'!W2080,A40) -> 1350 | C40: =SUMIFS(CLEANED_DATA!Q2:'CLEANED_DATA'!Q2080,CLEANED_DATA!W2:'CLEANED_DATA'!W2080,A40) -> 125886.73 | D40: =IF(B40=0,0,SUMIFS(CLEANED_DATA!V2:'CLEANED_DATA'!V2080,CLEANED_DATA!W2:'CLEANED_DATA'!W2080,A40)/B40) -> 0.00079703704 | E40: =C40+0 -> 125886.73
A41: AM-457 | B41: =SUMIFS(CLEANED_DATA!U2:'CLEANED_DATA'!U2080,CLEANED_DATA!W2:'CLEANED_DATA'!W2080,A41) -> 22950 | C41: =SUMIFS(CLEANED_DATA!Q2:'CLEANED_DATA'!Q2080,CLEANED_DATA!W2:'CLEANED_DATA'!W2080,A41) -> 2041503.6 | D41: =IF(B41=0,0,SUMIFS(CLEANED_DATA!V2:'CLEANED_DATA'!V2080,CLEANED_DATA!W2:'CLEANED_DATA'!W2080,A41)/B41) -> 8.9616558e-05 | E41: =C41+0 -> 2041503.6
A42: AM-458 | B42: =SUMIFS(CLEANED_DATA!U2:'CLEANED_DATA'!U2080,CLEANED_DATA!W2:'CLEANED_DATA'!W2080,A42) -> 36954 | C42: =SUMIFS(CLEANED_DATA!Q2:'CLEANED_DATA'!Q2080,CLEANED_DATA!W2:'CLEANED_DATA'!W2080,A42) -> 3329099.9 | D42: =IF(B42=0,0,SUMIFS(CLEANED_DATA!V2:'CLEANED_DATA'!V2080,CLEANED_DATA!W2:'CLEANED_DATA'!W2080,A42)/B42) -> 2.8061915e-05 | E42: =C42+0 -> 3329099.9
A43: AM-459 | B43: =SUMIFS(CLEANED_DATA!U2:'CLEANED_DATA'!U2080,CLEANED_DATA!W2:'CLEANED_DATA'!W2080,A43) -> 22932 | C43: =SUMIFS(CLEANED_DATA!Q2:'CLEANED_DATA'!Q2080,CLEANED_DATA!W2:'CLEANED_DATA'!W2080,A43) -> 2123220.4 | D43: =IF(B43=0,0,SUMIFS(CLEANED_DATA!V2:'CLEANED_DATA'!V2080,CLEANED_DATA!W2:'CLEANED_DATA'!W2080,A43)/B43) -> 9.3711844e-05 | E43: =C43+0 -> 2123220.4
A44: AM-460 | B44: =SUMIFS(CLEANED_DATA!U2:'CLEANED_DATA'!U2080,CLEANED_DATA!W2:'CLEANED_DATA'!W2080,A44) -> 4584 | C44: =SUMIFS(CLEANED_DATA!Q2:'CLEANED_DATA'!Q2080,CLEANED_DATA!W2:'CLEANED_DATA'!W2080,A44) -> 461662.63 | D44: =IF(B44=0,0,SUMIFS(CLEANED_DATA!V2:'CLEANED_DATA'!V2080,CLEANED_DATA!W2:'CLEANED_DATA'!W2080,A44)/B44) -> 0.0002530541 | E44: =C44+0 -> 461662.63
A45: AM-461 | B45: =SUMIFS(CLEANED_DATA!U2:'CLEANED_DATA'!U2080,CLEANED_DATA!W2:'CLEANED_DATA'!W2080,A45) -> 10098 | C45: =SUMIFS(CLEANED_DATA!Q2:'CLEANED_DATA'!Q2080,CLEANED_DATA!W2:'CLEANED_DATA'!W2080,A45) -> 1023741.7 | D45: =IF(B45=0,0,SUMIFS(CLEANED_DATA!V2:'CLEANED_DATA'!V2080,CLEANED_DATA!W2:'CLEANED_DATA'!W2080,A45)/B45) -> 0.00011556744 | E45: =C45+0 -> 1023741.7
A46: AM-514 | B46: =SUMIFS(CLEANED_DATA!U2:'CLEANED_DATA'!U2080,CLEANED_DATA!W2:'CLEANED_DATA'!W2080,A46) -> 480 | C46: =SUMIFS(CLEANED_DATA!Q2:'CLEANED_DATA'!Q2080,CLEANED_DATA!W2:'CLEANED_DATA'!W2080,A46) -> 71925.37 | D46: =IF(B46=0,0,SUMIFS(CLEANED_DATA!V2:'CLEANED_DATA'!V2080,CLEANED_DATA!W2:'CLEANED_DATA'!W2080,A46)/B46) -> 0.0035375 | E46: =C46+0 -> 71925.37
A47: AM-515 | B47: =SUMIFS(CLEANED_DATA!U2:'CLEANED_DATA'!U2080,CLEANED_DATA!W2:'CLEANED_DATA'!W2080,A47) -> 360 | C47: =SUMIFS(CLEANED_DATA!Q2:'CLEANED_DATA'!Q2080,CLEANED_DATA!W2:'CLEANED_DATA'!W2080,A47) -> 70082.75 | D47: =IF(B47=0,0,SUMIFS(CLEANED_DATA!V2:'CLEANED_DATA'!V2080,CLEANED_DATA!W2:'CLEANED_DATA'!W2080,A47)/B47) -> 0.0061277778 | E47: =C47+0 -> 70082.75
A48: AM-603 | B48: =SUMIFS(CLEANED_DATA!U2:'CLEANED_DATA'!U2080,CLEANED_DATA!W2:'CLEANED_DATA'!W2080,A48) -> 900 | C48: =SUMIFS(CLEANED_DATA!Q2:'CLEANED_DATA'!Q2080,CLEANED_DATA!W2:'CLEANED_DATA'!W2080,A48) -> 48325.19 | D48: =IF(B48=0,0,SUMIFS(CLEANED_DATA!V2:'CLEANED_DATA'!V2080,CLEANED_DATA!W2:'CLEANED_DATA'!W2080,A48)/B48) -> 0.00066911111 | E48: =C48+0 -> 48325.19
A49: AM-625 | B49: =SUMIFS(CLEANED_DATA!U2:'CLEANED_DATA'!U2080,CLEANED_DATA!W2:'CLEANED_DATA'!W2080,A49) -> 10500 | C49: =SUMIFS(CLEANED_DATA!Q2:'CLEANED_DATA'!Q2080,CLEANED_DATA!W2:'CLEANED_DATA'!W2080,A49) -> 538237.49 | D49: =IF(B49=0,0,SUMIFS(CLEANED_DATA!V2:'CLEANED_DATA'!V2080,CLEANED_DATA!W2:'CLEANED_DATA'!W2080,A49)/B49) -> 5.3428571e-05 | E49: =C49+0 -> 538237.49
A50: AM-965 | B50: =SUMIFS(CLEANED_DATA!U2:'CLEANED_DATA'!U2080,CLEANED_DATA!W2:'CLEANED_DATA'!W2080,A50) -> 480 | C50: =SUMIFS(CLEANED_DATA!Q2:'CLEANED_DATA'!Q2080,CLEANED_DATA!W2:'CLEANED_DATA'!W2080,A50) -> 33552.24 | D50: =IF(B50=0,0,SUMIFS(CLEANED_DATA!V2:'CLEANED_DATA'!V2080,CLEANED_DATA!W2:'CLEANED_DATA'!W2080,A50)/B50) -> 0.0015291667 | E50: =C50+0 -> 33552.24
A51: AM-966 | B51: =SUMIFS(CLEANED_DATA!U2:'CLEANED_DATA'!U2080,CLEANED_DATA!W2:'CLEANED_DATA'!W2080,A51) -> 400 | C51: =SUMIFS(CLEANED_DATA!Q2:'CLEANED_DATA'!Q2080,CLEANED_DATA!W2:'CLEANED_DATA'!W2080,A51) -> 38740.49 | D51: =IF(B51=0,0,SUMIFS(CLEANED_DATA!V2:'CLEANED_DATA'!V2080,CLEANED_DATA!W2:'CLEANED_DATA'!W2080,A51)/B51) -> 0.0025425 | E51: =C51+0 -> 38740.49
A52: AM-967 | B52: =SUMIFS(CLEANED_DATA!U2:'CLEANED_DATA'!U2080,CLEANED_DATA!W2:'CLEANED_DATA'!W2080,A52) -> 400 | C52: =SUMIFS(CLEANED_DATA!Q2:'CLEANED_DATA'!Q2080,CLEANED_DATA!W2:'CLEANED_DATA'!W2080,A52) -> 39273.8 | D52: =IF(B52=0,0,SUMIFS(CLEANED_DATA!V2:'CLEANED_DATA'!V2080,CLEANED_DATA!W2:'CLEANED_DATA'!W2080,A52)/B52) -> 0.0025775 | E52: =C52+0 -> 39273.8
A53: AN-01 | B53: =SUMIFS(CLEANED_DATA!U2:'CLEANED_DATA'!U2080,CLEANED_DATA!W2:'CLEANED_DATA'!W2080,A53) -> 20250 | C53: =SUMIFS(CLEANED_DATA!Q2:'CLEANED_DATA'!Q2080,CLEANED_DATA!W2:'CLEANED_DATA'!W2080,A53) -> 847791.93 | D53: =IF(B53=0,0,SUMIFS(CLEANED_DATA!V2:'CLEANED_DATA'!V2080,CLEANED_DATA!W2:'CLEANED_DATA'!W2080,A53)/B53) -> 4.6533333e-05 | E53: =C53+0 -> 847791.93
A54: AN-02 | B54: =SUMIFS(CLEANED_DATA!U2:'CLEANED_DATA'!U2080,CLEANED_DATA!W2:'CLEANED_DATA'!W2080,A54) -> 40500 | C54: =SUMIFS(CLEANED_DATA!Q2:'CLEANED_DATA'!Q2080,CLEANED_DATA!W2:'CLEANED_DATA'!W2080,A54) -> 1923116.5 | D54: =IF(B54=0,0,SUMIFS(CLEANED_DATA!V2:'CLEANED_DATA'!V2080,CLEANED_DATA!W2:'CLEANED_DATA'!W2080,A54)/B54) -> 2.6392593e-05 | E54: =C54+0 -> 1923116.5
A55: BCLR-3 | B55: =SUMIFS(CLEANED_DATA!U2:'CLEANED_DATA'!U2080,CLEANED_DATA!W2:'CLEANED_DATA'!W2080,A55) -> 33228 | C55: =SUMIFS(CLEANED_DATA!Q2:'CLEANED_DATA'!Q2080,CLEANED_DATA!W2:'CLEANED_DATA'!W2080,A55) -> 3072754.2 | D55: =IF(B55=0,0,SUMIFS(CLEANED_DATA!V2:'CLEANED_DATA'!V2080,CLEANED_DATA!W2:'CLEANED_DATA'!W2080,A55)/B55) -> 9.9313832e-05 | E55: =C55+0 -> 3072754.2
A56: BLCR-3 | B56: =SUMIFS(CLEANED_DATA!U2:'CLEANED_DATA'!U2080,CLEANED_DATA!W2:'CLEANED_DATA'!W2080,A56) -> 29184 | C56: =SUMIFS(CLEANED_DATA!Q2:'CLEANED_DATA'!Q2080,CLEANED_DATA!W2:'CLEANED_DATA'!W2080,A56) -> 2676075.7 | D56: =IF(B56=0,0,SUMIFS(CLEANED_DATA!V2:'CLEANED_DATA'!V2080,CLEANED_DATA!W2:'CLEANED_DATA'!W2080,A56)/B56) -> 7.2539748e-05 | E56: =C56+0 -> 2676075.7
A57: DS-25 | B57: =SUMIFS(CLEANED_DATA!U2:'CLEANED_DATA'!U2080,CLEANED_DATA!W2:'CLEANED_DATA'!W2080,A57) -> 709560 | C57: =SUMIFS(CLEANED_DATA!Q2:'CLEANED_DATA'!Q2080,CLEANED_DATA!W2:'CLEANED_DATA'!W2080,A57) -> 13683641 | D57: =IF(B57=0,0,SUMIFS(CLEANED_DATA!V2:'CLEANED_DATA'!V2080,CLEANED_DATA!W2:'CLEANED_DATA'!W2080,A57)/B57) -> 2.8269632e-06 | E57: =C57+0 -> 13683641
A58: FAMILY | B58: =SUMIFS(CLEANED_DATA!U2:'CLEANED_DATA'!U2080,CLEANED_DATA!W2:'CLEANED_DATA'!W2080,A58) -> 23059 | C58: =SUMIFS(CLEANED_DATA!Q2:'CLEANED_DATA'!Q2080,CLEANED_DATA!W2:'CLEANED_DATA'!W2080,A58) -> 15047451 | D58: =IF(B58=0,0,SUMIFS(CLEANED_DATA!V2:'CLEANED_DATA'!V2080,CLEANED_DATA!W2:'CLEANED_DATA'!W2080,A58)/B58) -> 0 | E58: =C58+0 -> 15047451
A59: GS-47 | B59: =SUMIFS(CLEANED_DATA!U2:'CLEANED_DATA'!U2080,CLEANED_DATA!W2:'CLEANED_DATA'!W2080,A59) -> 50400 | C59: =SUMIFS(CLEANED_DATA!Q2:'CLEANED_DATA'!Q2080,CLEANED_DATA!W2:'CLEANED_DATA'!W2080,A59) -> 1020348.8 | D59: =IF(B59=0,0,SUMIFS(CLEANED_DATA!V2:'CLEANED_DATA'!V2080,CLEANED_DATA!W2:'CLEANED_DATA'!W2080,A59)/B59) -> 4.2063492e-06 | E59: =C59+0 -> 1020348.8
A60: H2740 | B60: =SUMIFS(CLEANED_DATA!U2:'CLEANED_DATA'!U2080,CLEANED_DATA!W2:'CLEANED_DATA'!W2080,A60) -> 49920 | C60: =SUMIFS(CLEANED_DATA!Q2:'CLEANED_DATA'!Q2080,CLEANED_DATA!W2:'CLEANED_DATA'!W2080,A60) -> 6796342.5 | D60: =IF(B60=0,0,SUMIFS(CLEANED_DATA!V2:'CLEANED_DATA'!V2080,CLEANED_DATA!W2:'CLEANED_DATA'!W2080,A60)/B60) -> 5.849359e-05 | E60: =C60+0 -> 6796342.5
A61: HOUSE | B61: =SUMIFS(CLEANED_DATA!U2:'CLEANED_DATA'!U2080,CLEANED_DATA!W2:'CLEANED_DATA'!W2080,A61) -> 6 | C61: =SUMIFS(CLEANED_DATA!Q2:'CLEANED_DATA'!Q2080,CLEANED_DATA!W2:'CLEANED_DATA'!W2080,A61) -> 277192.47 | D61: =IF(B61=0,0,SUMIFS(CLEANED_DATA!V2:'CLEANED_DATA'!V2080,CLEANED_DATA!W2:'CLEANED_DATA'!W2080,A61)/B61) -> 0 | E61: =C61+0 -> 277192.47
A62: HOUSEHOLD | B62: =SUMIFS(CLEANED_DATA!U2:'CLEANED_DATA'!U2080,CLEANED_DATA!W2:'CLEANED_DATA'!W2080,A62) -> 3612282 | C62: =SUMIFS(CLEANED_DATA!Q2:'CLEANED_DATA'!Q2080,CLEANED_DATA!W2:'CLEANED_DATA'!W2080,A62) -> 1.2307141e+08 | D62: =IF(B62=0,0,SUMIFS(CLEANED_DATA!V2:'CLEANED_DATA'!V2080,CLEANED_DATA!W2:'CLEANED_DATA'!W2080,A62)/B62) -> 3.3471916e-06 | E62: =C62+0 -> 1.2307141e+08
A63: KIDS | B63: =SUMIFS(CLEANED_DATA!U2:'CLEANED_DATA'!U2080,CLEANED_DATA!W2:'CLEANED_DATA'!W2080,A63) -> 136 | C63: =SUMIFS(CLEANED_DATA!Q2:'CLEANED_DATA'!Q2080,CLEANED_DATA!W2:'CLEANED_DATA'!W2080,A63) -> 243675.91 | D63: =IF(B63=0,0,SUMIFS(CLEANED_DATA!V2:'CLEANED_DATA'!V2080,CLEANED_DATA!W2:'CLEANED_DATA'!W2080,A63)/B63) -> 0 | E63: =C63+0 -> 243675.91
A64: KL324H-9S | B64: =SUMIFS(CLEANED_DATA!U2:'CLEANED_DATA'!U2080,CLEANED_DATA!W2:'CLEANED_DATA'!W2080,A64) -> 397584 | C64: =SUMIFS(CLEANED_DATA!Q2:'CLEANED_DATA'!Q2080,CLEANED_DATA!W2:'CLEANED_DATA'!W2080,A64) -> 23169515 | D64: =IF(B64=0,0,SUMIFS(CLEANED_DATA!V2:'CLEANED_DATA'!V2080,CLEANED_DATA!W2:'CLEANED_DATA'!W2080,A64)/B64) -> 1.1984889e-05 | E64: =C64+0 -> 23169515
A65: KL326D-9S | B65: =SUMIFS(CLEANED_DATA!U2:'CLEANED_DATA'!U2080,CLEANED_DATA!W2:'CLEANED_DATA'!W2080,A65) -> 85128 | C65: =SUMIFS(CLEANED_DATA!Q2:'CLEANED_DATA'!Q2080,CLEANED_DATA!W2:'CLEANED_DATA'!W2080,A65) -> 10748654 | D65: =IF(B65=0,0,SUMIFS(CLEANED_DATA!V2:'CLEANED_DATA'!V2080,CLEANED_DATA!W2:'CLEANED_DATA'!W2080,A65)/B65) -> 4.7810356e-05 | E65: =C65+0 -> 10748654
A66: KL32D-9S | B66: =SUMIFS(CLEANED_DATA!U2:'CLEANED_DATA'!U2080,CLEANED_DATA!W2:'CLEANED_DATA'!W2080,A66) -> 37560 | C66: =SUMIFS(CLEANED_DATA!Q2:'CLEANED_DATA'!Q2080,CLEANED_DATA!W2:'CLEANED_DATA'!W2080,A66) -> 3223596.7 | D66: =IF(B66=0,0,SUMIFS(CLEANED_DATA!V2:'CLEANED_DATA'!V2080,CLEANED_DATA!W2:'CLEANED_DATA'!W2080,A66)/B66) -> 2.6357827e-05 | E66: =C66+0 -> 3223596.7
A67: KW-820 | B67: =SUMIFS(CLEANED_DATA!U2:'CLEANED_DATA'!U2080,CLEANED_DATA!W2:'CLEANED_DATA'!W2080,A67) -> 0 | C67: =SUMIFS(CLEANED_DATA!Q2:'CLEANED_DATA'!Q2080,CLEANED_DATA!W2:'CLEANED_DATA'!W2080,A67) -> 1009765.2 | D67: =IF(B67=0,0,SUMIFS(CLEANED_DATA!V2:'CLEANED_DATA'!V2080,CLEANED_DATA!W2:'CLEANED_DATA'!W2080,A67)/B67) -> 0 | E67: =C67+0 -> 1009765.2
A68: KW-830 | B68: =SUMIFS(CLEANED_DATA!U2:'CLEANED_DATA'!U2080,CLEANED_DATA!W2:'CLEANED_DATA'!W2080,A68) -> 104364 | C68: =SUMIFS(CLEANED_DATA!Q2:'CLEANED_DATA'!Q2080,CLEANED_DATA!W2:'CLEANED_DATA'!W2080,A68) -> 10312040 | D68: =IF(B68=0,0,SUMIFS(CLEANED_DATA!V2:'CLEANED_DATA'!V2080,CLEANED_DATA!W2:'CLEANED_DATA'!W2080,A68)/B68) -> 2.7404086e-05 | E68: =C68+0 -> 10312040
A69: KW-868- | B69: =SUMIFS(CLEANED_DATA!U2:'CLEANED_DATA'!U2080,CLEANED_DATA!W2:'CLEANED_DATA'!W2080,A69) -> 0 | C69: =SUMIFS(CLEANED_DATA!Q2:'CLEANED_DATA'!Q2080,CLEANED_DATA!W2:'CLEANED_DATA'!W2080,A69) -> 1191522.9 | D69: =IF(B69=0,0,SUMIFS(CLEANED_DATA!V2:'CLEANED_DATA'!V2080,CLEANED_DATA!W2:'CLEANED_DATA'!W2080,A69)/B69) -> 0 | E69: =C69+0 -> 1191522.9
A70: KW830- | B70: =SUMIFS(CLEANED_DATA!U2:'CLEANED_DATA'!U2080,CLEANED_DATA!W2:'CLEANED_DATA'!W2080,A70) -> 0 | C70: =SUMIFS(CLEANED_DATA!Q2:'CLEANED_DATA'!Q2080,CLEANED_DATA!W2:'CLEANED_DATA'!W2080,A70) -> 1060253.4 | D70: =IF(B70=0,0,SUMIFS(CLEANED_DATA!V2:'CLEANED_DATA'!V2080,CLEANED_DATA!W2:'CLEANED_DATA'!W2080,A70)/B70) -> 0 | E70: =C70+0 -> 1060253.4
A71: KWB-600F | B71: =SUMIFS(CLEANED_DATA!U2:'CLEANED_DATA'!U2080,CLEANED_DATA!W2:'CLEANED_DATA'!W2080,A71) -> 452400 | C71: =SUMIFS(CLEANED_DATA!Q2:'CLEANED_DATA'!Q2080,CLEANED_DATA!W2:'CLEANED_DATA'!W2080,A71) -> 67067244 | D71: =IF(B71=0,0,SUMIFS(CLEANED_DATA!V2:'CLEANED_DATA'!V2080,CLEANED_DATA!W2:'CLEANED_DATA'!W2080,A71)/B71) -> 1.9805482e-05 | E71: =C71+0 -> 67067244
A72: KWP-1000B | B72: =SUMIFS(CLEANED_DATA!U2:'CLEANED_DATA'!U2080,CLEANED_DATA!W2:'CLEANED_DATA'!W2080,A72) -> 404544 | C72: =SUMIFS(CLEANED_DATA!Q2:'CLEANED_DATA'!Q2080,CLEANED_DATA!W2:'CLEANED_DATA'!W2080,A72) -> 55876189 | D72: =IF(B72=0,0,SUMIFS(CLEANED_DATA!V2:'CLEANED_DATA'!V2080,CLEANED_DATA!W2:'CLEANED_DATA'!W2080,A72)/B72) -> 6.0092351e-05 | E72: =C72+0 -> 55876189
A73: KWP-1000B- | B73: =SUMIFS(CLEANED_DATA!U2:'CLEANED_DATA'!U2080,CLEANED_DATA!W2:'CLEANED_DATA'!W2080,A73) -> 11100 | C73: =SUMIFS(CLEANED_DATA!Q2:'CLEANED_DATA'!Q2080,CLEANED_DATA!W2:'CLEANED_DATA'!W2080,A73) -> 1189170.7 | D73: =IF(B73=0,0,SUMIFS(CLEANED_DATA!V2:'CLEANED_DATA'!V2080,CLEANED_DATA!W2:'CLEANED_DATA'!W2080,A73)/B73) -> 0.00013783784 | E73: =C73+0 -> 1189170.7
A74: KWP-1000B-SS | B74: =SUMIFS(CLEANED_DATA!U2:'CLEANED_DATA'!U2080,CLEANED_DATA!W2:'CLEANED_DATA'!W2080,A74) -> 0 | C74: =SUMIFS(CLEANED_DATA!Q2:'CLEANED_DATA'!Q2080,CLEANED_DATA!W2:'CLEANED_DATA'!W2080,A74) -> 12494677 | D74: =IF(B74=0,0,SUMIFS(CLEANED_DATA!V2:'CLEANED_DATA'!V2080,CLEANED_DATA!W2:'CLEANED_DATA'!W2080,A74)/B74) -> 0 | E74: =C74+0 -> 12494677
A75: KWP-600B | B75: =SUMIFS(CLEANED_DATA!U2:'CLEANED_DATA'!U2080,CLEANED_DATA!W2:'CLEANED_DATA'!W2080,A75) -> 211240 | C75: =SUMIFS(CLEANED_DATA!Q2:'CLEANED_DATA'!Q2080,CLEANED_DATA!W2:'CLEANED_DATA'!W2080,A75) -> 23607964 | D75: =IF(B75=0,0,SUMIFS(CLEANED_DATA!V2:'CLEANED_DATA'!V2080,CLEANED_DATA!W2:'CLEANED_DATA'!W2080,A75)/B75) -> 3.5741337e-05 | E75: =C75+0 -> 23607964
A76: KWP-600B- | B76: =SUMIFS(CLEANED_DATA!U2:'CLEANED_DATA'!U2080,CLEANED_DATA!W2:'CLEANED_DATA'!W2080,A76) -> 6800 | C76: =SUMIFS(CLEANED_DATA!Q2:'CLEANED_DATA'!Q2080,CLEANED_DATA!W2:'CLEANED_DATA'!W2080,A76) -> 599941.89 | D76: =IF(B76=0,0,SUMIFS(CLEANED_DATA!V2:'CLEANED_DATA'!V2080,CLEANED_DATA!W2:'CLEANED_DATA'!W2080,A76)/B76) -> 0.00018529412 | E76: =C76+0 -> 599941.89
A77: KWP-600B-SS | B77: =SUMIFS(CLEANED_DATA!U2:'CLEANED_DATA'!U2080,CLEANED_DATA!W2:'CLEANED_DATA'!W2080,A77) -> 0 | C77: =SUMIFS(CLEANED_DATA!Q2:'CLEANED_DATA'!Q2080,CLEANED_DATA!W2:'CLEANED_DATA'!W2080,A77) -> 6458744.8 | D77: =IF(B77=0,0,SUMIFS(CLEANED_DATA!V2:'CLEANED_DATA'!V2080,CLEANED_DATA!W2:'CLEANED_DATA'!W2080,A77)/B77) -> 0 | E77: =C77+0 -> 6458744.8
A78: KWP-600P | B78: =SUMIFS(CLEANED_DATA!U2:'CLEANED_DATA'!U2080,CLEANED_DATA!W2:'CLEANED_DATA'!W2080,A78) -> 38760 | C78: =SUMIFS(CLEANED_DATA!Q2:'CLEANED_DATA'!Q2080,CLEANED_DATA!W2:'CLEANED_DATA'!W2080,A78) -> 3709547.4 | D78: =IF(B78=0,0,SUMIFS(CLEANED_DATA!V2:'CLEANED_DATA'!V2080,CLEANED_DATA!W2:'CLEANED_DATA'!W2080,A78)/B78) -> 3.0959752e-05 | E78: =C78+0 -> 3709547.4
A79: KWS-750B- | B79: =SUMIFS(CLEANED_DATA!U2:'CLEANED_DATA'!U2080,CLEANED_DATA!W2:'CLEANED_DATA'!W2080,A79) -> 0 | C79: =SUMIFS(CLEANED_DATA!Q2:'CLEANED_DATA'!Q2080,CLEANED_DATA!W2:'CLEANED_DATA'!W2080,A79) -> 3279582.9 | D79: =IF(B79=0,0,SUMIFS(CLEANED_DATA!V2:'CLEANED_DATA'!V2080,CLEANED_DATA!W2:'CLEANED_DATA'!W2080,A79)/B79) -> 0 | E79: =C79+0 -> 3279582.9
A80: KWS-750C | B80: =SUMIFS(CLEANED_DATA!U2:'CLEANED_DATA'!U2080,CLEANED_DATA!W2:'CLEANED_DATA'!W2080,A80) -> 0 | C80: =SUMIFS(CLEANED_DATA!Q2:'CLEANED_DATA'!Q2080,CLEANED_DATA!W2:'CLEANED_DATA'!W2080,A80) -> 1381489.4 | D80: =IF(B80=0,0,SUMIFS(CLEANED_DATA!V2:'CLEANED_DATA'!V2080,CLEANED_DATA!W2:'CLEANED_DATA'!W2080,A80)/B80) -> 0 | E80: =C80+0 -> 1381489.4
A81: KWS-750D- | B81: =SUMIFS(CLEANED_DATA!U2:'CLEANED_DATA'!U2080,CLEANED_DATA!W2:'CLEANED_DATA'!W2080,A81) -> 0 | C81: =SUMIFS(CLEANED_DATA!Q2:'CLEANED_DATA'!Q2080,CLEANED_DATA!W2:'CLEANED_DATA'!W2080,A81) -> 1542447.1 | D81: =IF(B81=0,0,SUMIFS(CLEANED_DATA!V2:'CLEANED_DATA'!V2080,CLEANED_DATA!W2:'CLEANED_DATA'!W2080,A81)/B81) -> 0 | E81: =C81+0 -> 1542447.1
A82: MILD | B82: =SUMIFS(CLEANED_DATA!U2:'CLEANED_DATA'!U2080,CLEANED_DATA!W2:'CLEANED_DATA'!W2080,A82) -> 151888 | C82: =SUMIFS(CLEANED_DATA!Q2:'CLEANED_DATA'!Q2080,CLEANED_DATA!W2:'CLEANED_DATA'!W2080,A82) -> 1.5430317e+08 | D82: =IF(B82=0,0,SUMIFS(CLEANED_DATA!V2:'CLEANED_DATA'!V2080,CLEANED_DATA!W2:'CLEANED_DATA'!W2080,A82)/B82) -> 0.0019827109 | E82: =C82+0 -> 1.5430317e+08
A83: MP-202 | B83: =SUMIFS(CLEANED_DATA!U2:'CLEANED_DATA'!U2080,CLEANED_DATA!W2:'CLEANED_DATA'!W2080,A83) -> 21096 | C83: =SUMIFS(CLEANED_DATA!Q2:'CLEANED_DATA'!Q2080,CLEANED_DATA!W2:'CLEANED_DATA'!W2080,A83) -> 1929716.9 | D83: =IF(B83=0,0,SUMIFS(CLEANED_DATA!V2:'CLEANED_DATA'!V2080,CLEANED_DATA!W2:'CLEANED_DATA'!W2080,A83)/B83) -> 5.4133485e-05 | E83: =C83+0 -> 1929716.9
A84: MULTI | B84: =SUMIFS(CLEANED_DATA!U2:'CLEANED_DATA'!U2080,CLEANED_DATA!W2:'CLEANED_DATA'!W2080,A84) -> 0 | C84: =SUMIFS(CLEANED_DATA!Q2:'CLEANED_DATA'!Q2080,CLEANED_DATA!W2:'CLEANED_DATA'!W2080,A84) -> 5636403 | D84: =IF(B84=0,0,SUMIFS(CLEANED_DATA!V2:'CLEANED_DATA'!V2080,CLEANED_DATA!W2:'CLEANED_DATA'!W2080,A84)/B84) -> 0 | E84: =C84+0 -> 5636403
A85: NON | B85: =SUMIFS(CLEANED_DATA!U2:'CLEANED_DATA'!U2080,CLEANED_DATA!W2:'CLEANED_DATA'!W2080,A85) -> 102300 | C85: =SUMIFS(CLEANED_DATA!Q2:'CLEANED_DATA'!Q2080,CLEANED_DATA!W2:'CLEANED_DATA'!W2080,A85) -> 5195851.2 | D85: =IF(B85=0,0,SUMIFS(CLEANED_DATA!V2:'CLEANED_DATA'!V2080,CLEANED_DATA!W2:'CLEANED_DATA'!W2080,A85)/B85) -> 4.142131e-05 | E85: =C85+0 -> 5195851.2
A86: NP-003 | B86: =SUMIFS(CLEANED_DATA!U2:'CLEANED_DATA'!U2080,CLEANED_DATA!W2:'CLEANED_DATA'!W2080,A86) -> 715920 | C86: =SUMIFS(CLEANED_DATA!Q2:'CLEANED_DATA'!Q2080,CLEANED_DATA!W2:'CLEANED_DATA'!W2080,A86) -> 28012982 | D86: =IF(B86=0,0,SUMIFS(CLEANED_DATA!V2:'CLEANED_DATA'!V2080,CLEANED_DATA!W2:'CLEANED_DATA'!W2080,A86)/B86) -> 4.5777461e-06 | E86: =C86+0 -> 28012982
A87: NP-19 | B87: =SUMIFS(CLEANED_DATA!U2:'CLEANED_DATA'!U2080,CLEANED_DATA!W2:'CLEANED_DATA'!W2080,A87) -> 653304 | C87: =SUMIFS(CLEANED_DATA!Q2:'CLEANED_DATA'!Q2080,CLEANED_DATA!W2:'CLEANED_DATA'!W2080,A87) -> 27380592 | D87: =IF(B87=0,0,SUMIFS(CLEANED_DATA!V2:'CLEANED_DATA'!V2080,CLEANED_DATA!W2:'CLEANED_DATA'!W2080,A87)/B87) -> 1.2486836e-05 | E87: =C87+0 -> 27380592
A88: NP-20 | B88: =SUMIFS(CLEANED_DATA!U2:'CLEANED_DATA'!U2080,CLEANED_DATA!W2:'CLEANED_DATA'!W2080,A88) -> 559968 | C88: =SUMIFS(CLEANED_DATA!Q2:'CLEANED_DATA'!Q2080,CLEANED_DATA!W2:'CLEANED_DATA'!W2080,A88) -> 50807377 | D88: =IF(B88=0,0,SUMIFS(CLEANED_DATA!V2:'CLEANED_DATA'!V2080,CLEANED_DATA!W2:'CLEANED_DATA'!W2080,A88)/B88) -> 6.0324876e-05 | E88: =C88+0 -> 50807377
A89: NP-21 | B89: =SUMIFS(CLEANED_DATA!U2:'CLEANED_DATA'!U2080,CLEANED_DATA!W2:'CLEANED_DATA'!W2080,A89) -> 745596 | C89: =SUMIFS(CLEANED_DATA!Q2:'CLEANED_DATA'!Q2080,CLEANED_DATA!W2:'CLEANED_DATA'!W2080,A89) -> 69837886 | D89: =IF(B89=0,0,SUMIFS(CLEANED_DATA!V2:'CLEANED_DATA'!V2080,CLEANED_DATA!W2:'CLEANED_DATA'!W2080,A89)/B89) -> 5.2486065e-05 | E89: =C89+0 -> 69837886
A90: NP-21-STAINLESS | B90: =SUMIFS(CLEANED_DATA!U2:'CLEANED_DATA'!U2080,CLEANED_DATA!W2:'CLEANED_DATA'!W2080,A90) -> 888 | C90: =SUMIFS(CLEANED_DATA!Q2:'CLEANED_DATA'!Q2080,CLEANED_DATA!W2:'CLEANED_DATA'!W2080,A90) -> 78757.21 | D90: =IF(B90=0,0,SUMIFS(CLEANED_DATA!V2:'CLEANED_DATA'!V2080,CLEANED_DATA!W2:'CLEANED_DATA'!W2080,A90)/B90) -> 0.0011632883 | E90: =C90+0 -> 78757.21
A91: NP-55 | B91: =SUMIFS(CLEANED_DATA!U2:'CLEANED_DATA'!U2080,CLEANED_DATA!W2:'CLEANED_DATA'!W2080,A91) -> 1680504 | C91: =SUMIFS(CLEANED_DATA!Q2:'CLEANED_DATA'!Q2080,CLEANED_DATA!W2:'CLEANED_DATA'!W2080,A91) -> 43970501 | D91: =IF(B91=0,0,SUMIFS(CLEANED_DATA!V2:'CLEANED_DATA'!V2080,CLEANED_DATA!W2:'CLEANED_DATA'!W2080,A91)/B91) -> 3.4256985e-06 | E91: =C91+0 -> 43970501
A92: OIL | B92: =SUMIFS(CLEANED_DATA!U2:'CLEANED_DATA'!U2080,CLEANED_DATA!W2:'CLEANED_DATA'!W2080,A92) -> 343499 | C92: =SUMIFS(CLEANED_DATA!Q2:'CLEANED_DATA'!Q2080,CLEANED_DATA!W2:'CLEANED_DATA'!W2080,A92) -> 42499227 | D92: =IF(B92=0,0,SUMIFS(CLEANED_DATA!V2:'CLEANED_DATA'!V2080,CLEANED_DATA!W2:'CLEANED_DATA'!W2080,A92)/B92) -> 4.4396054e-05 | E92: =C92+0 -> 42499227
A93: OKS-4156 | B93: =SUMIFS(CLEANED_DATA!U2:'CLEANED_DATA'!U2080,CLEANED_DATA!W2:'CLEANED_DATA'!W2080,A93) -> 885366 | C93: =SUMIFS(CLEANED_DATA!Q2:'CLEANED_DATA'!Q2080,CLEANED_DATA!W2:'CLEANED_DATA'!W2080,A93) -> 23794098 | D93: =IF(B93=0,0,SUMIFS(CLEANED_DATA!V2:'CLEANED_DATA'!V2080,CLEANED_DATA!W2:'CLEANED_DATA'!W2080,A93)/B93) -> 2.9908535e-06 | E93: =C93+0 -> 23794098
A94: RS-02 | B94: =SUMIFS(CLEANED_DATA!U2:'CLEANED_DATA'!U2080,CLEANED_DATA!W2:'CLEANED_DATA'!W2080,A94) -> 159360 | C94: =SUMIFS(CLEANED_DATA!Q2:'CLEANED_DATA'!Q2080,CLEANED_DATA!W2:'CLEANED_DATA'!W2080,A94) -> 6089140.3 | D94: =IF(B94=0,0,SUMIFS(CLEANED_DATA!V2:'CLEANED_DATA'!V2080,CLEANED_DATA!W2:'CLEANED_DATA'!W2080,A94)/B94) -> 1.4412651e-05 | E94: =C94+0 -> 6089140.3
A95: RYX-02-020 | B95: =SUMIFS(CLEANED_DATA!U2:'CLEANED_DATA'!U2080,CLEANED_DATA!W2:'CLEANED_DATA'!W2080,A95) -> 41888 | C95: =SUMIFS(CLEANED_DATA!Q2:'CLEANED_DATA'!Q2080,CLEANED_DATA!W2:'CLEANED_DATA'!W2080,A95) -> 1.0734892e+08 | D95: =IF(B95=0,0,SUMIFS(CLEANED_DATA!V2:'CLEANED_DATA'!V2080,CLEANED_DATA!W2:'CLEANED_DATA'!W2080,A95)/B95) -> 0.001461039 | E95: =C95+0 -> 1.0734892e+08
A96: RYX-02-021A | B96: =SUMIFS(CLEANED_DATA!U2:'CLEANED_DATA'!U2080,CLEANED_DATA!W2:'CLEANED_DATA'!W2080,A96) -> 49002 | C96: =SUMIFS(CLEANED_DATA!Q2:'CLEANED_DATA'!Q2080,CLEANED_DATA!W2:'CLEANED_DATA'!W2080,A96) -> 1.3449028e+08 | D96: =IF(B96=0,0,SUMIFS(CLEANED_DATA!V2:'CLEANED_DATA'!V2080,CLEANED_DATA!W2:'CLEANED_DATA'!W2080,A96)/B96) -> 0.00038365781 | E96: =C96+0 -> 1.3449028e+08
A97: RYX-02-021A-13 | B97: =SUMIFS(CLEANED_DATA!U2:'CLEANED_DATA'!U2080,CLEANED_DATA!W2:'CLEANED_DATA'!W2080,A97) -> 0 | C97: =SUMIFS(CLEANED_DATA!Q2:'CLEANED_DATA'!Q2080,CLEANED_DATA!W2:'CLEANED_DATA'!W2080,A97) -> 847988.55 | D97: =IF(B97=0,0,SUMIFS(CLEANED_DATA!V2:'CLEANED_DATA'!V2080,CLEANED_DATA!W2:'CLEANED_DATA'!W2080,A97)/B97) -> 0 | E97: =C97+0 -> 847988.55
A98: RYX-02-026-3S | B98: =SUMIFS(CLEANED_DATA!U2:'CLEANED_DATA'!U2080,CLEANED_DATA!W2:'CLEANED_DATA'!W2080,A98) -> 8480 | C98: =SUMIFS(CLEANED_DATA!Q2:'CLEANED_DATA'!Q2080,CLEANED_DATA!W2:'CLEANED_DATA'!W2080,A98) -> 9067466.8 | D98: =IF(B98=0,0,SUMIFS(CLEANED_DATA!V2:'CLEANED_DATA'!V2080,CLEANED_DATA!W2:'CLEANED_DATA'!W2080,A98)/B98) -> 0 | E98: =C98+0 -> 9067466.8
A99: RYX-0237F | B99: =SUMIFS(CLEANED_DATA!U2:'CLEANED_DATA'!U2080,CLEANED_DATA!W2:'CLEANED_DATA'!W2080,A99) -> 504 | C99: =SUMIFS(CLEANED_DATA!Q2:'CLEANED_DATA'!Q2080,CLEANED_DATA!W2:'CLEANED_DATA'!W2080,A99) -> 81955 | D99: =IF(B99=0,0,SUMIFS(CLEANED_DATA!V2:'CLEANED_DATA'!V2080,CLEANED_DATA!W2:'CLEANED_DATA'!W2080,A99)/B99) -> 0 | E99: =C99+0 -> 81955
A100: RYX-08010D | B100: =SUMIFS(CLEANED_DATA!U2:'CLEANED_DATA'!U2080,CLEANED_DATA!W2:'CLEANED_DATA'!W2080,A100) -> 510 | C100: =SUMIFS(CLEANED_DATA!Q2:'CLEANED_DATA'!Q2080,CLEANED_DATA!W2:'CLEANED_DATA'!W2080,A100) -> 395515.41 | D100: =IF(B100=0,0,SUMIFS(CLEANED_DATA!V2:'CLEANED_DATA'!V2080,CLEANED_DATA!W2:'CLEANED_DATA'!W2080,A100)/B100) -> 0 | E100: =C100+0 -> 395515.41
...

Sheet CHARTS

Sheet ASSUMPTIONS
A1: 1) HSN mapping is created programmatically using common HSN codes for steel household goods; please review.
A2: 2) PARSED fields (PARSED_QTY, PARSED_MODEL, PARSED_UNIT_PRICE_USD) are best-effort extractions and may need manual cleanup.
A3: 3) GRAND_TOTAL_INR uses TOTAL VALUE_INR + DUTY PAID_INR as provided in original data.
A4: 4) All summary sheets use SUMIFS formulas referencing CLEANED_DATA.

Sheet CHECKS
A1: CHECK | B1: EXPECTED | C1: ACTUAL_FORMULA | D1: RESULT
A2: Row count equals expected | B2: 2079 | C2: =COUNTA(INPUT_RAW!A:A)-1 -> 2079
A3: Total Value INR sum (input) | C3: =SUM(INPUT_RAW!Q2:'INPUT_RAW'!Q2080) -> 4.1939384e+09
A4: Missing DATE | B4: 0 | C4: =COUNTBLANK(INPUT_RAW!B2:'INPUT_RAW'!B2080) -> 0
A5: Missing HS CODE | B5: 0 | C5: =COUNTBLANK(INPUT_RAW!D2:'INPUT_RAW'!D2080) -> 0
A6: Missing TOTAL VALUE_INR | B6: 0 | C6: =COUNTBLANK(INPUT_RAW!Q2:'INPUT_RAW'!Q2080) -> 0
A7: Duplicate IEC+DATE count | B7: 0 | C7: =SUMPRODUCT((INPUT_RAW!C2:'INPUT_RAW'!C2080<>"")*(COUNTIFS(INPUT_RAW!C2:'INPUT_RAW'!C2080,INPUT_RAW!C2:'INPUT_RAW'!C2080,INPUT_RAW!B2:'INPUT_RAW'!B2080,INPUT_RAW!B2:'INPUT_RAW'!B2080)>1))/2 -> 877

Sheet README
A1: OUTPUT_Imtiyaz_v2.xlsx - README
A3: Source file: project_ass_FINAL_cleaned_fixed.xlsx (sheet: Raw Data)
A4: Total input rows: 2079
A6: Sheets: INPUT_RAW, CLEANED_DATA, HSN_MAPPING, YEAR_SUMMARY, HSN_SUMMARY_V2, CATEGORY_SUMMARY, MODEL_ANALYSIS_V2, CHARTS, ASSUMPTIONS, CHECKS, README
A8: Notes: HSN mapping and categories added programmatically. Review HSN_MAPPING and CLEANED_DATA for accuracy.
